Vaccine Type,Vaccine Type Code,Vaccine Dose,Vaccine Dose Code,Vaccine Manufacturer,Vaccine Manufacturer Code,Event Category,Event Category Code,Age,Age Code,Events Reported,Percent
COVID19 VACCINE,COVID19,1 Dose,1,JANSSEN,592,Death,DTH,18-29 years,18-29,8,0.01%
COVID19 VACCINE,COVID19,1 Dose,1,JANSSEN,592,Death,DTH,30-39 years,30-39,14,0.01%
COVID19 VACCINE,COVID19,1 Dose,1,JANSSEN,592,Death,DTH,40-49 years,40-49,40,0.03%
COVID19 VACCINE,COVID19,1 Dose,1,JANSSEN,592,Death,DTH,50-59 years,50-59,77,0.05%
COVID19 VACCINE,COVID19,1 Dose,1,JANSSEN,592,Death,DTH,60-64 years,60-64,66,0.05%
COVID19 VACCINE,COVID19,1 Dose,1,JANSSEN,592,Death,DTH,65-79 years,65-79,184,0.13%
COVID19 VACCINE,COVID19,1 Dose,1,JANSSEN,592,Death,DTH,80+ years,80+,123,0.09%
COVID19 VACCINE,COVID19,1 Dose,1,JANSSEN,592,Death,DTH,Unknown,U,3,0.00%
COVID19 VACCINE,COVID19,1 Dose,1,JANSSEN,592,Death,DTH,,,515,0.36%
COVID19 VACCINE,COVID19,1 Dose,1,JANSSEN,592,Life Threatening,LT,6-17 years,6-17,1,0.00%
COVID19 VACCINE,COVID19,1 Dose,1,JANSSEN,592,Life Threatening,LT,18-29 years,18-29,53,0.04%
COVID19 VACCINE,COVID19,1 Dose,1,JANSSEN,592,Life Threatening,LT,30-39 years,30-39,103,0.07%
COVID19 VACCINE,COVID19,1 Dose,1,JANSSEN,592,Life Threatening,LT,40-49 years,40-49,148,0.10%
COVID19 VACCINE,COVID19,1 Dose,1,JANSSEN,592,Life Threatening,LT,50-59 years,50-59,207,0.14%
COVID19 VACCINE,COVID19,1 Dose,1,JANSSEN,592,Life Threatening,LT,60-64 years,60-64,95,0.07%
COVID19 VACCINE,COVID19,1 Dose,1,JANSSEN,592,Life Threatening,LT,65-79 years,65-79,176,0.12%
COVID19 VACCINE,COVID19,1 Dose,1,JANSSEN,592,Life Threatening,LT,80+ years,80+,40,0.03%
COVID19 VACCINE,COVID19,1 Dose,1,JANSSEN,592,Life Threatening,LT,Unknown,U,5,0.00%
COVID19 VACCINE,COVID19,1 Dose,1,JANSSEN,592,Life Threatening,LT,,,828,0.58%
COVID19 VACCINE,COVID19,1 Dose,1,JANSSEN,592,Permanent Disability,DBL,18-29 years,18-29,58,0.04%
COVID19 VACCINE,COVID19,1 Dose,1,JANSSEN,592,Permanent Disability,DBL,30-39 years,30-39,130,0.09%
COVID19 VACCINE,COVID19,1 Dose,1,JANSSEN,592,Permanent Disability,DBL,40-49 years,40-49,163,0.11%
COVID19 VACCINE,COVID19,1 Dose,1,JANSSEN,592,Permanent Disability,DBL,50-59 years,50-59,188,0.13%
COVID19 VACCINE,COVID19,1 Dose,1,JANSSEN,592,Permanent Disability,DBL,60-64 years,60-64,80,0.06%
COVID19 VACCINE,COVID19,1 Dose,1,JANSSEN,592,Permanent Disability,DBL,65-79 years,65-79,119,0.08%
COVID19 VACCINE,COVID19,1 Dose,1,JANSSEN,592,Permanent Disability,DBL,80+ years,80+,28,0.02%
COVID19 VACCINE,COVID19,1 Dose,1,JANSSEN,592,Permanent Disability,DBL,Unknown,U,6,0.00%
COVID19 VACCINE,COVID19,1 Dose,1,JANSSEN,592,Permanent Disability,DBL,,,772,0.54%
COVID19 VACCINE,COVID19,1 Dose,1,JANSSEN,592,Congenital Anomaly / Birth Defect *,BD,18-29 years,18-29,4,0.00%
COVID19 VACCINE,COVID19,1 Dose,1,JANSSEN,592,Congenital Anomaly / Birth Defect *,BD,30-39 years,30-39,11,0.01%
COVID19 VACCINE,COVID19,1 Dose,1,JANSSEN,592,Congenital Anomaly / Birth Defect *,BD,40-49 years,40-49,2,0.00%
COVID19 VACCINE,COVID19,1 Dose,1,JANSSEN,592,Congenital Anomaly / Birth Defect *,BD,50-59 years,50-59,3,0.00%
COVID19 VACCINE,COVID19,1 Dose,1,JANSSEN,592,Congenital Anomaly / Birth Defect *,BD,60-64 years,60-64,3,0.00%
COVID19 VACCINE,COVID19,1 Dose,1,JANSSEN,592,Congenital Anomaly / Birth Defect *,BD,Unknown,U,1,0.00%
COVID19 VACCINE,COVID19,1 Dose,1,JANSSEN,592,Congenital Anomaly / Birth Defect *,BD,,,24,0.02%
COVID19 VACCINE,COVID19,1 Dose,1,JANSSEN,592,Hospitalized,H,1-2 years,1-2,1,0.00%
COVID19 VACCINE,COVID19,1 Dose,1,JANSSEN,592,Hospitalized,H,18-29 years,18-29,165,0.11%
COVID19 VACCINE,COVID19,1 Dose,1,JANSSEN,592,Hospitalized,H,30-39 years,30-39,258,0.18%
COVID19 VACCINE,COVID19,1 Dose,1,JANSSEN,592,Hospitalized,H,40-49 years,40-49,373,0.26%
COVID19 VACCINE,COVID19,1 Dose,1,JANSSEN,592,Hospitalized,H,50-59 years,50-59,633,0.44%
COVID19 VACCINE,COVID19,1 Dose,1,JANSSEN,592,Hospitalized,H,60-64 years,60-64,340,0.24%
COVID19 VACCINE,COVID19,1 Dose,1,JANSSEN,592,Hospitalized,H,65-79 years,65-79,660,0.46%
COVID19 VACCINE,COVID19,1 Dose,1,JANSSEN,592,Hospitalized,H,80+ years,80+,256,0.18%
COVID19 VACCINE,COVID19,1 Dose,1,JANSSEN,592,Hospitalized,H,Unknown,U,13,0.01%
COVID19 VACCINE,COVID19,1 Dose,1,JANSSEN,592,Hospitalized,H,,,2699,1.88%
COVID19 VACCINE,COVID19,1 Dose,1,JANSSEN,592,,,,,4838,3.36%
COVID19 VACCINE,COVID19,1 Dose,1,MODERNA,591,Death,DTH,1-2 years,1-2,1,0.00%
COVID19 VACCINE,COVID19,1 Dose,1,MODERNA,591,Death,DTH,6-17 years,6-17,1,0.00%
COVID19 VACCINE,COVID19,1 Dose,1,MODERNA,591,Death,DTH,18-29 years,18-29,41,0.03%
COVID19 VACCINE,COVID19,1 Dose,1,MODERNA,591,Death,DTH,30-39 years,30-39,59,0.04%
COVID19 VACCINE,COVID19,1 Dose,1,MODERNA,591,Death,DTH,40-49 years,40-49,126,0.09%
COVID19 VACCINE,COVID19,1 Dose,1,MODERNA,591,Death,DTH,50-59 years,50-59,231,0.16%
COVID19 VACCINE,COVID19,1 Dose,1,MODERNA,591,Death,DTH,60-64 years,60-64,190,0.13%
COVID19 VACCINE,COVID19,1 Dose,1,MODERNA,591,Death,DTH,65-79 years,65-79,909,0.63%
COVID19 VACCINE,COVID19,1 Dose,1,MODERNA,591,Death,DTH,80+ years,80+,892,0.62%
COVID19 VACCINE,COVID19,1 Dose,1,MODERNA,591,Death,DTH,Unknown,U,158,0.11%
COVID19 VACCINE,COVID19,1 Dose,1,MODERNA,591,Death,DTH,,,2608,1.81%
COVID19 VACCINE,COVID19,1 Dose,1,MODERNA,591,Life Threatening,LT,< 6 months,0,1,0.00%
COVID19 VACCINE,COVID19,1 Dose,1,MODERNA,591,Life Threatening,LT,6-17 years,6-17,8,0.01%
COVID19 VACCINE,COVID19,1 Dose,1,MODERNA,591,Life Threatening,LT,18-29 years,18-29,250,0.17%
COVID19 VACCINE,COVID19,1 Dose,1,MODERNA,591,Life Threatening,LT,30-39 years,30-39,330,0.23%
COVID19 VACCINE,COVID19,1 Dose,1,MODERNA,591,Life Threatening,LT,40-49 years,40-49,427,0.30%
COVID19 VACCINE,COVID19,1 Dose,1,MODERNA,591,Life Threatening,LT,50-59 years,50-59,468,0.33%
COVID19 VACCINE,COVID19,1 Dose,1,MODERNA,591,Life Threatening,LT,60-64 years,60-64,250,0.17%
COVID19 VACCINE,COVID19,1 Dose,1,MODERNA,591,Life Threatening,LT,65-79 years,65-79,685,0.48%
COVID19 VACCINE,COVID19,1 Dose,1,MODERNA,591,Life Threatening,LT,80+ years,80+,235,0.16%
COVID19 VACCINE,COVID19,1 Dose,1,MODERNA,591,Life Threatening,LT,Unknown,U,99,0.07%
COVID19 VACCINE,COVID19,1 Dose,1,MODERNA,591,Life Threatening,LT,,,2753,1.91%
COVID19 VACCINE,COVID19,1 Dose,1,MODERNA,591,Permanent Disability,DBL,< 6 months,0,1,0.00%
COVID19 VACCINE,COVID19,1 Dose,1,MODERNA,591,Permanent Disability,DBL,6-11 months,1,1,0.00%
COVID19 VACCINE,COVID19,1 Dose,1,MODERNA,591,Permanent Disability,DBL,6-17 years,6-17,17,0.01%
COVID19 VACCINE,COVID19,1 Dose,1,MODERNA,591,Permanent Disability,DBL,18-29 years,18-29,446,0.31%
COVID19 VACCINE,COVID19,1 Dose,1,MODERNA,591,Permanent Disability,DBL,30-39 years,30-39,680,0.47%
COVID19 VACCINE,COVID19,1 Dose,1,MODERNA,591,Permanent Disability,DBL,40-49 years,40-49,700,0.49%
COVID19 VACCINE,COVID19,1 Dose,1,MODERNA,591,Permanent Disability,DBL,50-59 years,50-59,613,0.43%
COVID19 VACCINE,COVID19,1 Dose,1,MODERNA,591,Permanent Disability,DBL,60-64 years,60-64,289,0.20%
COVID19 VACCINE,COVID19,1 Dose,1,MODERNA,591,Permanent Disability,DBL,65-79 years,65-79,571,0.40%
COVID19 VACCINE,COVID19,1 Dose,1,MODERNA,591,Permanent Disability,DBL,80+ years,80+,181,0.13%
COVID19 VACCINE,COVID19,1 Dose,1,MODERNA,591,Permanent Disability,DBL,Unknown,U,191,0.13%
COVID19 VACCINE,COVID19,1 Dose,1,MODERNA,591,Permanent Disability,DBL,,,3690,2.57%
COVID19 VACCINE,COVID19,1 Dose,1,MODERNA,591,Congenital Anomaly / Birth Defect *,BD,< 6 months,0,1,0.00%
COVID19 VACCINE,COVID19,1 Dose,1,MODERNA,591,Congenital Anomaly / Birth Defect *,BD,18-29 years,18-29,8,0.01%
COVID19 VACCINE,COVID19,1 Dose,1,MODERNA,591,Congenital Anomaly / Birth Defect *,BD,30-39 years,30-39,43,0.03%
COVID19 VACCINE,COVID19,1 Dose,1,MODERNA,591,Congenital Anomaly / Birth Defect *,BD,40-49 years,40-49,10,0.01%
COVID19 VACCINE,COVID19,1 Dose,1,MODERNA,591,Congenital Anomaly / Birth Defect *,BD,50-59 years,50-59,8,0.01%
COVID19 VACCINE,COVID19,1 Dose,1,MODERNA,591,Congenital Anomaly / Birth Defect *,BD,65-79 years,65-79,7,0.00%
COVID19 VACCINE,COVID19,1 Dose,1,MODERNA,591,Congenital Anomaly / Birth Defect *,BD,80+ years,80+,2,0.00%
COVID19 VACCINE,COVID19,1 Dose,1,MODERNA,591,Congenital Anomaly / Birth Defect *,BD,Unknown,U,5,0.00%
COVID19 VACCINE,COVID19,1 Dose,1,MODERNA,591,Congenital Anomaly / Birth Defect *,BD,,,84,0.06%
COVID19 VACCINE,COVID19,1 Dose,1,MODERNA,591,Hospitalized,H,< 6 months,0,6,0.00%
COVID19 VACCINE,COVID19,1 Dose,1,MODERNA,591,Hospitalized,H,6-11 months,1,1,0.00%
COVID19 VACCINE,COVID19,1 Dose,1,MODERNA,591,Hospitalized,H,3-5 years,3-5,1,0.00%
COVID19 VACCINE,COVID19,1 Dose,1,MODERNA,591,Hospitalized,H,6-17 years,6-17,80,0.06%
COVID19 VACCINE,COVID19,1 Dose,1,MODERNA,591,Hospitalized,H,18-29 years,18-29,1392,0.97%
COVID19 VACCINE,COVID19,1 Dose,1,MODERNA,591,Hospitalized,H,30-39 years,30-39,1348,0.94%
COVID19 VACCINE,COVID19,1 Dose,1,MODERNA,591,Hospitalized,H,40-49 years,40-49,1460,1.02%
COVID19 VACCINE,COVID19,1 Dose,1,MODERNA,591,Hospitalized,H,50-59 years,50-59,1712,1.19%
COVID19 VACCINE,COVID19,1 Dose,1,MODERNA,591,Hospitalized,H,60-64 years,60-64,917,0.64%
COVID19 VACCINE,COVID19,1 Dose,1,MODERNA,591,Hospitalized,H,65-79 years,65-79,3335,2.32%
COVID19 VACCINE,COVID19,1 Dose,1,MODERNA,591,Hospitalized,H,80+ years,80+,1761,1.22%
COVID19 VACCINE,COVID19,1 Dose,1,MODERNA,591,Hospitalized,H,Unknown,U,665,0.46%
COVID19 VACCINE,COVID19,1 Dose,1,MODERNA,591,Hospitalized,H,,,12678,8.82%
COVID19 VACCINE,COVID19,1 Dose,1,MODERNA,591,,,,,21813,15.17%
COVID19 VACCINE,COVID19,1 Dose,1,PFIZER\BIONTECH,590,Death,DTH,< 6 months,0,1,0.00%
COVID19 VACCINE,COVID19,1 Dose,1,PFIZER\BIONTECH,590,Death,DTH,6-17 years,6-17,18,0.01%
COVID19 VACCINE,COVID19,1 Dose,1,PFIZER\BIONTECH,590,Death,DTH,18-29 years,18-29,40,0.03%
COVID19 VACCINE,COVID19,1 Dose,1,PFIZER\BIONTECH,590,Death,DTH,30-39 years,30-39,68,0.05%
COVID19 VACCINE,COVID19,1 Dose,1,PFIZER\BIONTECH,590,Death,DTH,40-49 years,40-49,94,0.07%
COVID19 VACCINE,COVID19,1 Dose,1,PFIZER\BIONTECH,590,Death,DTH,50-59 years,50-59,221,0.15%
COVID19 VACCINE,COVID19,1 Dose,1,PFIZER\BIONTECH,590,Death,DTH,60-64 years,60-64,188,0.13%
COVID19 VACCINE,COVID19,1 Dose,1,PFIZER\BIONTECH,590,Death,DTH,65-79 years,65-79,986,0.69%
COVID19 VACCINE,COVID19,1 Dose,1,PFIZER\BIONTECH,590,Death,DTH,80+ years,80+,1430,0.99%
COVID19 VACCINE,COVID19,1 Dose,1,PFIZER\BIONTECH,590,Death,DTH,Unknown,U,2165,1.51%
COVID19 VACCINE,COVID19,1 Dose,1,PFIZER\BIONTECH,590,Death,DTH,,,5211,3.62%
COVID19 VACCINE,COVID19,1 Dose,1,PFIZER\BIONTECH,590,Life Threatening,LT,1-2 years,1-2,1,0.00%
COVID19 VACCINE,COVID19,1 Dose,1,PFIZER\BIONTECH,590,Life Threatening,LT,6-17 years,6-17,162,0.11%
COVID19 VACCINE,COVID19,1 Dose,1,PFIZER\BIONTECH,590,Life Threatening,LT,18-29 years,18-29,357,0.25%
COVID19 VACCINE,COVID19,1 Dose,1,PFIZER\BIONTECH,590,Life Threatening,LT,30-39 years,30-39,616,0.43%
COVID19 VACCINE,COVID19,1 Dose,1,PFIZER\BIONTECH,590,Life Threatening,LT,40-49 years,40-49,680,0.47%
COVID19 VACCINE,COVID19,1 Dose,1,PFIZER\BIONTECH,590,Life Threatening,LT,50-59 years,50-59,659,0.46%
COVID19 VACCINE,COVID19,1 Dose,1,PFIZER\BIONTECH,590,Life Threatening,LT,60-64 years,60-64,305,0.21%
COVID19 VACCINE,COVID19,1 Dose,1,PFIZER\BIONTECH,590,Life Threatening,LT,65-79 years,65-79,665,0.46%
COVID19 VACCINE,COVID19,1 Dose,1,PFIZER\BIONTECH,590,Life Threatening,LT,80+ years,80+,361,0.25%
COVID19 VACCINE,COVID19,1 Dose,1,PFIZER\BIONTECH,590,Life Threatening,LT,Unknown,U,2488,1.73%
COVID19 VACCINE,COVID19,1 Dose,1,PFIZER\BIONTECH,590,Life Threatening,LT,,,6294,4.38%
COVID19 VACCINE,COVID19,1 Dose,1,PFIZER\BIONTECH,590,Permanent Disability,DBL,1-2 years,1-2,2,0.00%
COVID19 VACCINE,COVID19,1 Dose,1,PFIZER\BIONTECH,590,Permanent Disability,DBL,3-5 years,3-5,1,0.00%
COVID19 VACCINE,COVID19,1 Dose,1,PFIZER\BIONTECH,590,Permanent Disability,DBL,6-17 years,6-17,81,0.06%
COVID19 VACCINE,COVID19,1 Dose,1,PFIZER\BIONTECH,590,Permanent Disability,DBL,18-29 years,18-29,538,0.37%
COVID19 VACCINE,COVID19,1 Dose,1,PFIZER\BIONTECH,590,Permanent Disability,DBL,30-39 years,30-39,966,0.67%
COVID19 VACCINE,COVID19,1 Dose,1,PFIZER\BIONTECH,590,Permanent Disability,DBL,40-49 years,40-49,1046,0.73%
COVID19 VACCINE,COVID19,1 Dose,1,PFIZER\BIONTECH,590,Permanent Disability,DBL,50-59 years,50-59,929,0.65%
COVID19 VACCINE,COVID19,1 Dose,1,PFIZER\BIONTECH,590,Permanent Disability,DBL,60-64 years,60-64,344,0.24%
COVID19 VACCINE,COVID19,1 Dose,1,PFIZER\BIONTECH,590,Permanent Disability,DBL,65-79 years,65-79,699,0.49%
COVID19 VACCINE,COVID19,1 Dose,1,PFIZER\BIONTECH,590,Permanent Disability,DBL,80+ years,80+,255,0.18%
COVID19 VACCINE,COVID19,1 Dose,1,PFIZER\BIONTECH,590,Permanent Disability,DBL,Unknown,U,5186,3.61%
COVID19 VACCINE,COVID19,1 Dose,1,PFIZER\BIONTECH,590,Permanent Disability,DBL,,,10047,6.99%
COVID19 VACCINE,COVID19,1 Dose,1,PFIZER\BIONTECH,590,Congenital Anomaly / Birth Defect *,BD,< 6 months,0,1,0.00%
COVID19 VACCINE,COVID19,1 Dose,1,PFIZER\BIONTECH,590,Congenital Anomaly / Birth Defect *,BD,1-2 years,1-2,1,0.00%
COVID19 VACCINE,COVID19,1 Dose,1,PFIZER\BIONTECH,590,Congenital Anomaly / Birth Defect *,BD,6-17 years,6-17,3,0.00%
COVID19 VACCINE,COVID19,1 Dose,1,PFIZER\BIONTECH,590,Congenital Anomaly / Birth Defect *,BD,18-29 years,18-29,14,0.01%
COVID19 VACCINE,COVID19,1 Dose,1,PFIZER\BIONTECH,590,Congenital Anomaly / Birth Defect *,BD,30-39 years,30-39,64,0.04%
COVID19 VACCINE,COVID19,1 Dose,1,PFIZER\BIONTECH,590,Congenital Anomaly / Birth Defect *,BD,40-49 years,40-49,15,0.01%
COVID19 VACCINE,COVID19,1 Dose,1,PFIZER\BIONTECH,590,Congenital Anomaly / Birth Defect *,BD,50-59 years,50-59,5,0.00%
COVID19 VACCINE,COVID19,1 Dose,1,PFIZER\BIONTECH,590,Congenital Anomaly / Birth Defect *,BD,60-64 years,60-64,3,0.00%
COVID19 VACCINE,COVID19,1 Dose,1,PFIZER\BIONTECH,590,Congenital Anomaly / Birth Defect *,BD,65-79 years,65-79,6,0.00%
COVID19 VACCINE,COVID19,1 Dose,1,PFIZER\BIONTECH,590,Congenital Anomaly / Birth Defect *,BD,Unknown,U,112,0.08%
COVID19 VACCINE,COVID19,1 Dose,1,PFIZER\BIONTECH,590,Congenital Anomaly / Birth Defect *,BD,,,224,0.16%
COVID19 VACCINE,COVID19,1 Dose,1,PFIZER\BIONTECH,590,Hospitalized,H,< 6 months,0,4,0.00%
COVID19 VACCINE,COVID19,1 Dose,1,PFIZER\BIONTECH,590,Hospitalized,H,6-11 months,1,4,0.00%
COVID19 VACCINE,COVID19,1 Dose,1,PFIZER\BIONTECH,590,Hospitalized,H,1-2 years,1-2,3,0.00%
COVID19 VACCINE,COVID19,1 Dose,1,PFIZER\BIONTECH,590,Hospitalized,H,3-5 years,3-5,4,0.00%
COVID19 VACCINE,COVID19,1 Dose,1,PFIZER\BIONTECH,590,Hospitalized,H,6-17 years,6-17,656,0.46%
COVID19 VACCINE,COVID19,1 Dose,1,PFIZER\BIONTECH,590,Hospitalized,H,18-29 years,18-29,1428,0.99%
COVID19 VACCINE,COVID19,1 Dose,1,PFIZER\BIONTECH,590,Hospitalized,H,30-39 years,30-39,1883,1.31%
COVID19 VACCINE,COVID19,1 Dose,1,PFIZER\BIONTECH,590,Hospitalized,H,40-49 years,40-49,2074,1.44%
COVID19 VACCINE,COVID19,1 Dose,1,PFIZER\BIONTECH,590,Hospitalized,H,50-59 years,50-59,2302,1.60%
COVID19 VACCINE,COVID19,1 Dose,1,PFIZER\BIONTECH,590,Hospitalized,H,60-64 years,60-64,1123,0.78%
COVID19 VACCINE,COVID19,1 Dose,1,PFIZER\BIONTECH,590,Hospitalized,H,65-79 years,65-79,3817,2.65%
COVID19 VACCINE,COVID19,1 Dose,1,PFIZER\BIONTECH,590,Hospitalized,H,80+ years,80+,2688,1.87%
COVID19 VACCINE,COVID19,1 Dose,1,PFIZER\BIONTECH,590,Hospitalized,H,Unknown,U,12964,9.01%
COVID19 VACCINE,COVID19,1 Dose,1,PFIZER\BIONTECH,590,Hospitalized,H,,,28950,20.13%
COVID19 VACCINE,COVID19,1 Dose,1,PFIZER\BIONTECH,590,,,,,50726,35.27%
COVID19 VACCINE,COVID19,1 Dose,1,UNKNOWN MANUFACTURER,0,Death,DTH,18-29 years,18-29,1,0.00%
COVID19 VACCINE,COVID19,1 Dose,1,UNKNOWN MANUFACTURER,0,Death,DTH,40-49 years,40-49,2,0.00%
COVID19 VACCINE,COVID19,1 Dose,1,UNKNOWN MANUFACTURER,0,Death,DTH,50-59 years,50-59,1,0.00%
COVID19 VACCINE,COVID19,1 Dose,1,UNKNOWN MANUFACTURER,0,Death,DTH,60-64 years,60-64,2,0.00%
COVID19 VACCINE,COVID19,1 Dose,1,UNKNOWN MANUFACTURER,0,Death,DTH,65-79 years,65-79,7,0.00%
COVID19 VACCINE,COVID19,1 Dose,1,UNKNOWN MANUFACTURER,0,Death,DTH,80+ years,80+,1,0.00%
COVID19 VACCINE,COVID19,1 Dose,1,UNKNOWN MANUFACTURER,0,Death,DTH,Unknown,U,3,0.00%
COVID19 VACCINE,COVID19,1 Dose,1,UNKNOWN MANUFACTURER,0,Death,DTH,,,17,0.01%
COVID19 VACCINE,COVID19,1 Dose,1,UNKNOWN MANUFACTURER,0,Life Threatening,LT,18-29 years,18-29,2,0.00%
COVID19 VACCINE,COVID19,1 Dose,1,UNKNOWN MANUFACTURER,0,Life Threatening,LT,30-39 years,30-39,3,0.00%
COVID19 VACCINE,COVID19,1 Dose,1,UNKNOWN MANUFACTURER,0,Life Threatening,LT,40-49 years,40-49,3,0.00%
COVID19 VACCINE,COVID19,1 Dose,1,UNKNOWN MANUFACTURER,0,Life Threatening,LT,50-59 years,50-59,1,0.00%
COVID19 VACCINE,COVID19,1 Dose,1,UNKNOWN MANUFACTURER,0,Life Threatening,LT,60-64 years,60-64,5,0.00%
COVID19 VACCINE,COVID19,1 Dose,1,UNKNOWN MANUFACTURER,0,Life Threatening,LT,65-79 years,65-79,9,0.01%
COVID19 VACCINE,COVID19,1 Dose,1,UNKNOWN MANUFACTURER,0,Life Threatening,LT,80+ years,80+,3,0.00%
COVID19 VACCINE,COVID19,1 Dose,1,UNKNOWN MANUFACTURER,0,Life Threatening,LT,Unknown,U,2,0.00%
COVID19 VACCINE,COVID19,1 Dose,1,UNKNOWN MANUFACTURER,0,Life Threatening,LT,,,28,0.02%
COVID19 VACCINE,COVID19,1 Dose,1,UNKNOWN MANUFACTURER,0,Permanent Disability,DBL,18-29 years,18-29,1,0.00%
COVID19 VACCINE,COVID19,1 Dose,1,UNKNOWN MANUFACTURER,0,Permanent Disability,DBL,30-39 years,30-39,5,0.00%
COVID19 VACCINE,COVID19,1 Dose,1,UNKNOWN MANUFACTURER,0,Permanent Disability,DBL,50-59 years,50-59,4,0.00%
COVID19 VACCINE,COVID19,1 Dose,1,UNKNOWN MANUFACTURER,0,Permanent Disability,DBL,60-64 years,60-64,3,0.00%
COVID19 VACCINE,COVID19,1 Dose,1,UNKNOWN MANUFACTURER,0,Permanent Disability,DBL,65-79 years,65-79,9,0.01%
COVID19 VACCINE,COVID19,1 Dose,1,UNKNOWN MANUFACTURER,0,Permanent Disability,DBL,80+ years,80+,1,0.00%
COVID19 VACCINE,COVID19,1 Dose,1,UNKNOWN MANUFACTURER,0,Permanent Disability,DBL,Unknown,U,8,0.01%
COVID19 VACCINE,COVID19,1 Dose,1,UNKNOWN MANUFACTURER,0,Permanent Disability,DBL,,,31,0.02%
COVID19 VACCINE,COVID19,1 Dose,1,UNKNOWN MANUFACTURER,0,Congenital Anomaly / Birth Defect *,BD,50-59 years,50-59,1,0.00%
COVID19 VACCINE,COVID19,1 Dose,1,UNKNOWN MANUFACTURER,0,Congenital Anomaly / Birth Defect *,BD,65-79 years,65-79,1,0.00%
COVID19 VACCINE,COVID19,1 Dose,1,UNKNOWN MANUFACTURER,0,Congenital Anomaly / Birth Defect *,BD,,,2,0.00%
COVID19 VACCINE,COVID19,1 Dose,1,UNKNOWN MANUFACTURER,0,Hospitalized,H,6-17 years,6-17,1,0.00%
COVID19 VACCINE,COVID19,1 Dose,1,UNKNOWN MANUFACTURER,0,Hospitalized,H,18-29 years,18-29,12,0.01%
COVID19 VACCINE,COVID19,1 Dose,1,UNKNOWN MANUFACTURER,0,Hospitalized,H,30-39 years,30-39,9,0.01%
COVID19 VACCINE,COVID19,1 Dose,1,UNKNOWN MANUFACTURER,0,Hospitalized,H,40-49 years,40-49,10,0.01%
COVID19 VACCINE,COVID19,1 Dose,1,UNKNOWN MANUFACTURER,0,Hospitalized,H,50-59 years,50-59,17,0.01%
COVID19 VACCINE,COVID19,1 Dose,1,UNKNOWN MANUFACTURER,0,Hospitalized,H,60-64 years,60-64,15,0.01%
COVID19 VACCINE,COVID19,1 Dose,1,UNKNOWN MANUFACTURER,0,Hospitalized,H,65-79 years,65-79,21,0.01%
COVID19 VACCINE,COVID19,1 Dose,1,UNKNOWN MANUFACTURER,0,Hospitalized,H,80+ years,80+,7,0.00%
COVID19 VACCINE,COVID19,1 Dose,1,UNKNOWN MANUFACTURER,0,Hospitalized,H,Unknown,U,13,0.01%
COVID19 VACCINE,COVID19,1 Dose,1,UNKNOWN MANUFACTURER,0,Hospitalized,H,,,105,0.07%
COVID19 VACCINE,COVID19,1 Dose,1,UNKNOWN MANUFACTURER,0,,,,,183,0.13%
COVID19 VACCINE,COVID19,1 Dose,1,,,,,,,77560,53.93%
COVID19 VACCINE,COVID19,2 Doses,2,JANSSEN,592,Death,DTH,40-49 years,40-49,1,0.00%
COVID19 VACCINE,COVID19,2 Doses,2,JANSSEN,592,Death,DTH,65-79 years,65-79,1,0.00%
COVID19 VACCINE,COVID19,2 Doses,2,JANSSEN,592,Death,DTH,80+ years,80+,1,0.00%
COVID19 VACCINE,COVID19,2 Doses,2,JANSSEN,592,Death,DTH,,,3,0.00%
COVID19 VACCINE,COVID19,2 Doses,2,JANSSEN,592,Life Threatening,LT,18-29 years,18-29,1,0.00%
COVID19 VACCINE,COVID19,2 Doses,2,JANSSEN,592,Life Threatening,LT,40-49 years,40-49,3,0.00%
COVID19 VACCINE,COVID19,2 Doses,2,JANSSEN,592,Life Threatening,LT,50-59 years,50-59,2,0.00%
COVID19 VACCINE,COVID19,2 Doses,2,JANSSEN,592,Life Threatening,LT,80+ years,80+,1,0.00%
COVID19 VACCINE,COVID19,2 Doses,2,JANSSEN,592,Life Threatening,LT,,,7,0.00%
COVID19 VACCINE,COVID19,2 Doses,2,JANSSEN,592,Permanent Disability,DBL,30-39 years,30-39,2,0.00%
COVID19 VACCINE,COVID19,2 Doses,2,JANSSEN,592,Permanent Disability,DBL,50-59 years,50-59,1,0.00%
COVID19 VACCINE,COVID19,2 Doses,2,JANSSEN,592,Permanent Disability,DBL,65-79 years,65-79,1,0.00%
COVID19 VACCINE,COVID19,2 Doses,2,JANSSEN,592,Permanent Disability,DBL,80+ years,80+,1,0.00%
COVID19 VACCINE,COVID19,2 Doses,2,JANSSEN,592,Permanent Disability,DBL,,,5,0.00%
COVID19 VACCINE,COVID19,2 Doses,2,JANSSEN,592,Hospitalized,H,18-29 years,18-29,1,0.00%
COVID19 VACCINE,COVID19,2 Doses,2,JANSSEN,592,Hospitalized,H,30-39 years,30-39,1,0.00%
COVID19 VACCINE,COVID19,2 Doses,2,JANSSEN,592,Hospitalized,H,40-49 years,40-49,3,0.00%
COVID19 VACCINE,COVID19,2 Doses,2,JANSSEN,592,Hospitalized,H,50-59 years,50-59,5,0.00%
COVID19 VACCINE,COVID19,2 Doses,2,JANSSEN,592,Hospitalized,H,60-64 years,60-64,1,0.00%
COVID19 VACCINE,COVID19,2 Doses,2,JANSSEN,592,Hospitalized,H,65-79 years,65-79,7,0.00%
COVID19 VACCINE,COVID19,2 Doses,2,JANSSEN,592,Hospitalized,H,80+ years,80+,4,0.00%
COVID19 VACCINE,COVID19,2 Doses,2,JANSSEN,592,Hospitalized,H,Unknown,U,1,0.00%
COVID19 VACCINE,COVID19,2 Doses,2,JANSSEN,592,Hospitalized,H,,,23,0.02%
COVID19 VACCINE,COVID19,2 Doses,2,JANSSEN,592,,,,,38,0.03%
COVID19 VACCINE,COVID19,2 Doses,2,MODERNA,591,Death,DTH,6-17 years,6-17,1,0.00%
COVID19 VACCINE,COVID19,2 Doses,2,MODERNA,591,Death,DTH,18-29 years,18-29,27,0.02%
COVID19 VACCINE,COVID19,2 Doses,2,MODERNA,591,Death,DTH,30-39 years,30-39,45,0.03%
COVID19 VACCINE,COVID19,2 Doses,2,MODERNA,591,Death,DTH,40-49 years,40-49,53,0.04%
COVID19 VACCINE,COVID19,2 Doses,2,MODERNA,591,Death,DTH,50-59 years,50-59,118,0.08%
COVID19 VACCINE,COVID19,2 Doses,2,MODERNA,591,Death,DTH,60-64 years,60-64,112,0.08%
COVID19 VACCINE,COVID19,2 Doses,2,MODERNA,591,Death,DTH,65-79 years,65-79,659,0.46%
COVID19 VACCINE,COVID19,2 Doses,2,MODERNA,591,Death,DTH,80+ years,80+,641,0.45%
COVID19 VACCINE,COVID19,2 Doses,2,MODERNA,591,Death,DTH,Unknown,U,21,0.01%
COVID19 VACCINE,COVID19,2 Doses,2,MODERNA,591,Death,DTH,,,1677,1.17%
COVID19 VACCINE,COVID19,2 Doses,2,MODERNA,591,Life Threatening,LT,< 6 months,0,1,0.00%
COVID19 VACCINE,COVID19,2 Doses,2,MODERNA,591,Life Threatening,LT,6-17 years,6-17,2,0.00%
COVID19 VACCINE,COVID19,2 Doses,2,MODERNA,591,Life Threatening,LT,18-29 years,18-29,171,0.12%
COVID19 VACCINE,COVID19,2 Doses,2,MODERNA,591,Life Threatening,LT,30-39 years,30-39,217,0.15%
COVID19 VACCINE,COVID19,2 Doses,2,MODERNA,591,Life Threatening,LT,40-49 years,40-49,253,0.18%
COVID19 VACCINE,COVID19,2 Doses,2,MODERNA,591,Life Threatening,LT,50-59 years,50-59,320,0.22%
COVID19 VACCINE,COVID19,2 Doses,2,MODERNA,591,Life Threatening,LT,60-64 years,60-64,212,0.15%
COVID19 VACCINE,COVID19,2 Doses,2,MODERNA,591,Life Threatening,LT,65-79 years,65-79,612,0.43%
COVID19 VACCINE,COVID19,2 Doses,2,MODERNA,591,Life Threatening,LT,80+ years,80+,181,0.13%
COVID19 VACCINE,COVID19,2 Doses,2,MODERNA,591,Life Threatening,LT,Unknown,U,26,0.02%
COVID19 VACCINE,COVID19,2 Doses,2,MODERNA,591,Life Threatening,LT,,,1995,1.39%
COVID19 VACCINE,COVID19,2 Doses,2,MODERNA,591,Permanent Disability,DBL,< 6 months,0,1,0.00%
COVID19 VACCINE,COVID19,2 Doses,2,MODERNA,591,Permanent Disability,DBL,3-5 years,3-5,1,0.00%
COVID19 VACCINE,COVID19,2 Doses,2,MODERNA,591,Permanent Disability,DBL,6-17 years,6-17,6,0.00%
COVID19 VACCINE,COVID19,2 Doses,2,MODERNA,591,Permanent Disability,DBL,18-29 years,18-29,227,0.16%
COVID19 VACCINE,COVID19,2 Doses,2,MODERNA,591,Permanent Disability,DBL,30-39 years,30-39,345,0.24%
COVID19 VACCINE,COVID19,2 Doses,2,MODERNA,591,Permanent Disability,DBL,40-49 years,40-49,382,0.27%
COVID19 VACCINE,COVID19,2 Doses,2,MODERNA,591,Permanent Disability,DBL,50-59 years,50-59,475,0.33%
COVID19 VACCINE,COVID19,2 Doses,2,MODERNA,591,Permanent Disability,DBL,60-64 years,60-64,244,0.17%
COVID19 VACCINE,COVID19,2 Doses,2,MODERNA,591,Permanent Disability,DBL,65-79 years,65-79,567,0.39%
COVID19 VACCINE,COVID19,2 Doses,2,MODERNA,591,Permanent Disability,DBL,80+ years,80+,167,0.12%
COVID19 VACCINE,COVID19,2 Doses,2,MODERNA,591,Permanent Disability,DBL,Unknown,U,57,0.04%
COVID19 VACCINE,COVID19,2 Doses,2,MODERNA,591,Permanent Disability,DBL,,,2472,1.72%
COVID19 VACCINE,COVID19,2 Doses,2,MODERNA,591,Congenital Anomaly / Birth Defect *,BD,< 6 months,0,1,0.00%
COVID19 VACCINE,COVID19,2 Doses,2,MODERNA,591,Congenital Anomaly / Birth Defect *,BD,18-29 years,18-29,18,0.01%
COVID19 VACCINE,COVID19,2 Doses,2,MODERNA,591,Congenital Anomaly / Birth Defect *,BD,30-39 years,30-39,36,0.03%
COVID19 VACCINE,COVID19,2 Doses,2,MODERNA,591,Congenital Anomaly / Birth Defect *,BD,40-49 years,40-49,8,0.01%
COVID19 VACCINE,COVID19,2 Doses,2,MODERNA,591,Congenital Anomaly / Birth Defect *,BD,50-59 years,50-59,8,0.01%
COVID19 VACCINE,COVID19,2 Doses,2,MODERNA,591,Congenital Anomaly / Birth Defect *,BD,60-64 years,60-64,1,0.00%
COVID19 VACCINE,COVID19,2 Doses,2,MODERNA,591,Congenital Anomaly / Birth Defect *,BD,65-79 years,65-79,8,0.01%
COVID19 VACCINE,COVID19,2 Doses,2,MODERNA,591,Congenital Anomaly / Birth Defect *,BD,80+ years,80+,1,0.00%
COVID19 VACCINE,COVID19,2 Doses,2,MODERNA,591,Congenital Anomaly / Birth Defect *,BD,,,81,0.06%
COVID19 VACCINE,COVID19,2 Doses,2,MODERNA,591,Hospitalized,H,< 6 months,0,1,0.00%
COVID19 VACCINE,COVID19,2 Doses,2,MODERNA,591,Hospitalized,H,3-5 years,3-5,1,0.00%
COVID19 VACCINE,COVID19,2 Doses,2,MODERNA,591,Hospitalized,H,6-17 years,6-17,22,0.02%
COVID19 VACCINE,COVID19,2 Doses,2,MODERNA,591,Hospitalized,H,18-29 years,18-29,784,0.55%
COVID19 VACCINE,COVID19,2 Doses,2,MODERNA,591,Hospitalized,H,30-39 years,30-39,749,0.52%
COVID19 VACCINE,COVID19,2 Doses,2,MODERNA,591,Hospitalized,H,40-49 years,40-49,773,0.54%
COVID19 VACCINE,COVID19,2 Doses,2,MODERNA,591,Hospitalized,H,50-59 years,50-59,1123,0.78%
COVID19 VACCINE,COVID19,2 Doses,2,MODERNA,591,Hospitalized,H,60-64 years,60-64,725,0.50%
COVID19 VACCINE,COVID19,2 Doses,2,MODERNA,591,Hospitalized,H,65-79 years,65-79,3000,2.09%
COVID19 VACCINE,COVID19,2 Doses,2,MODERNA,591,Hospitalized,H,80+ years,80+,1719,1.20%
COVID19 VACCINE,COVID19,2 Doses,2,MODERNA,591,Hospitalized,H,Unknown,U,144,0.10%
COVID19 VACCINE,COVID19,2 Doses,2,MODERNA,591,Hospitalized,H,,,9041,6.29%
COVID19 VACCINE,COVID19,2 Doses,2,MODERNA,591,,,,,15266,10.62%
COVID19 VACCINE,COVID19,2 Doses,2,PFIZER\BIONTECH,590,Death,DTH,< 6 months,0,1,0.00%
COVID19 VACCINE,COVID19,2 Doses,2,PFIZER\BIONTECH,590,Death,DTH,6-17 years,6-17,17,0.01%
COVID19 VACCINE,COVID19,2 Doses,2,PFIZER\BIONTECH,590,Death,DTH,18-29 years,18-29,39,0.03%
COVID19 VACCINE,COVID19,2 Doses,2,PFIZER\BIONTECH,590,Death,DTH,30-39 years,30-39,76,0.05%
COVID19 VACCINE,COVID19,2 Doses,2,PFIZER\BIONTECH,590,Death,DTH,40-49 years,40-49,84,0.06%
COVID19 VACCINE,COVID19,2 Doses,2,PFIZER\BIONTECH,590,Death,DTH,50-59 years,50-59,211,0.15%
COVID19 VACCINE,COVID19,2 Doses,2,PFIZER\BIONTECH,590,Death,DTH,60-64 years,60-64,174,0.12%
COVID19 VACCINE,COVID19,2 Doses,2,PFIZER\BIONTECH,590,Death,DTH,65-79 years,65-79,1002,0.70%
COVID19 VACCINE,COVID19,2 Doses,2,PFIZER\BIONTECH,590,Death,DTH,80+ years,80+,1316,0.92%
COVID19 VACCINE,COVID19,2 Doses,2,PFIZER\BIONTECH,590,Death,DTH,Unknown,U,2163,1.50%
COVID19 VACCINE,COVID19,2 Doses,2,PFIZER\BIONTECH,590,Death,DTH,,,5083,3.53%
COVID19 VACCINE,COVID19,2 Doses,2,PFIZER\BIONTECH,590,Life Threatening,LT,< 6 months,0,2,0.00%
COVID19 VACCINE,COVID19,2 Doses,2,PFIZER\BIONTECH,590,Life Threatening,LT,1-2 years,1-2,1,0.00%
COVID19 VACCINE,COVID19,2 Doses,2,PFIZER\BIONTECH,590,Life Threatening,LT,6-17 years,6-17,168,0.12%
COVID19 VACCINE,COVID19,2 Doses,2,PFIZER\BIONTECH,590,Life Threatening,LT,18-29 years,18-29,312,0.22%
COVID19 VACCINE,COVID19,2 Doses,2,PFIZER\BIONTECH,590,Life Threatening,LT,30-39 years,30-39,488,0.34%
COVID19 VACCINE,COVID19,2 Doses,2,PFIZER\BIONTECH,590,Life Threatening,LT,40-49 years,40-49,576,0.40%
COVID19 VACCINE,COVID19,2 Doses,2,PFIZER\BIONTECH,590,Life Threatening,LT,50-59 years,50-59,589,0.41%
COVID19 VACCINE,COVID19,2 Doses,2,PFIZER\BIONTECH,590,Life Threatening,LT,60-64 years,60-64,299,0.21%
COVID19 VACCINE,COVID19,2 Doses,2,PFIZER\BIONTECH,590,Life Threatening,LT,65-79 years,65-79,792,0.55%
COVID19 VACCINE,COVID19,2 Doses,2,PFIZER\BIONTECH,590,Life Threatening,LT,80+ years,80+,422,0.29%
COVID19 VACCINE,COVID19,2 Doses,2,PFIZER\BIONTECH,590,Life Threatening,LT,Unknown,U,2314,1.61%
COVID19 VACCINE,COVID19,2 Doses,2,PFIZER\BIONTECH,590,Life Threatening,LT,,,5963,4.15%
COVID19 VACCINE,COVID19,2 Doses,2,PFIZER\BIONTECH,590,Permanent Disability,DBL,< 6 months,0,1,0.00%
COVID19 VACCINE,COVID19,2 Doses,2,PFIZER\BIONTECH,590,Permanent Disability,DBL,6-17 years,6-17,81,0.06%
COVID19 VACCINE,COVID19,2 Doses,2,PFIZER\BIONTECH,590,Permanent Disability,DBL,18-29 years,18-29,511,0.36%
COVID19 VACCINE,COVID19,2 Doses,2,PFIZER\BIONTECH,590,Permanent Disability,DBL,30-39 years,30-39,877,0.61%
COVID19 VACCINE,COVID19,2 Doses,2,PFIZER\BIONTECH,590,Permanent Disability,DBL,40-49 years,40-49,955,0.66%
COVID19 VACCINE,COVID19,2 Doses,2,PFIZER\BIONTECH,590,Permanent Disability,DBL,50-59 years,50-59,960,0.67%
COVID19 VACCINE,COVID19,2 Doses,2,PFIZER\BIONTECH,590,Permanent Disability,DBL,60-64 years,60-64,376,0.26%
COVID19 VACCINE,COVID19,2 Doses,2,PFIZER\BIONTECH,590,Permanent Disability,DBL,65-79 years,65-79,816,0.57%
COVID19 VACCINE,COVID19,2 Doses,2,PFIZER\BIONTECH,590,Permanent Disability,DBL,80+ years,80+,272,0.19%
COVID19 VACCINE,COVID19,2 Doses,2,PFIZER\BIONTECH,590,Permanent Disability,DBL,Unknown,U,4367,3.04%
COVID19 VACCINE,COVID19,2 Doses,2,PFIZER\BIONTECH,590,Permanent Disability,DBL,,,9216,6.41%
COVID19 VACCINE,COVID19,2 Doses,2,PFIZER\BIONTECH,590,Congenital Anomaly / Birth Defect *,BD,6-17 years,6-17,1,0.00%
COVID19 VACCINE,COVID19,2 Doses,2,PFIZER\BIONTECH,590,Congenital Anomaly / Birth Defect *,BD,18-29 years,18-29,24,0.02%
COVID19 VACCINE,COVID19,2 Doses,2,PFIZER\BIONTECH,590,Congenital Anomaly / Birth Defect *,BD,30-39 years,30-39,65,0.05%
COVID19 VACCINE,COVID19,2 Doses,2,PFIZER\BIONTECH,590,Congenital Anomaly / Birth Defect *,BD,40-49 years,40-49,21,0.01%
COVID19 VACCINE,COVID19,2 Doses,2,PFIZER\BIONTECH,590,Congenital Anomaly / Birth Defect *,BD,50-59 years,50-59,5,0.00%
COVID19 VACCINE,COVID19,2 Doses,2,PFIZER\BIONTECH,590,Congenital Anomaly / Birth Defect *,BD,60-64 years,60-64,3,0.00%
COVID19 VACCINE,COVID19,2 Doses,2,PFIZER\BIONTECH,590,Congenital Anomaly / Birth Defect *,BD,65-79 years,65-79,9,0.01%
COVID19 VACCINE,COVID19,2 Doses,2,PFIZER\BIONTECH,590,Congenital Anomaly / Birth Defect *,BD,80+ years,80+,2,0.00%
COVID19 VACCINE,COVID19,2 Doses,2,PFIZER\BIONTECH,590,Congenital Anomaly / Birth Defect *,BD,Unknown,U,77,0.05%
COVID19 VACCINE,COVID19,2 Doses,2,PFIZER\BIONTECH,590,Congenital Anomaly / Birth Defect *,BD,,,207,0.14%
COVID19 VACCINE,COVID19,2 Doses,2,PFIZER\BIONTECH,590,Hospitalized,H,< 6 months,0,5,0.00%
COVID19 VACCINE,COVID19,2 Doses,2,PFIZER\BIONTECH,590,Hospitalized,H,3-5 years,3-5,1,0.00%
COVID19 VACCINE,COVID19,2 Doses,2,PFIZER\BIONTECH,590,Hospitalized,H,6-17 years,6-17,982,0.68%
COVID19 VACCINE,COVID19,2 Doses,2,PFIZER\BIONTECH,590,Hospitalized,H,18-29 years,18-29,1468,1.02%
COVID19 VACCINE,COVID19,2 Doses,2,PFIZER\BIONTECH,590,Hospitalized,H,30-39 years,30-39,1676,1.17%
COVID19 VACCINE,COVID19,2 Doses,2,PFIZER\BIONTECH,590,Hospitalized,H,40-49 years,40-49,1807,1.26%
COVID19 VACCINE,COVID19,2 Doses,2,PFIZER\BIONTECH,590,Hospitalized,H,50-59 years,50-59,2186,1.52%
COVID19 VACCINE,COVID19,2 Doses,2,PFIZER\BIONTECH,590,Hospitalized,H,60-64 years,60-64,1252,0.87%
COVID19 VACCINE,COVID19,2 Doses,2,PFIZER\BIONTECH,590,Hospitalized,H,65-79 years,65-79,4635,3.22%
COVID19 VACCINE,COVID19,2 Doses,2,PFIZER\BIONTECH,590,Hospitalized,H,80+ years,80+,3216,2.24%
COVID19 VACCINE,COVID19,2 Doses,2,PFIZER\BIONTECH,590,Hospitalized,H,Unknown,U,12217,8.50%
COVID19 VACCINE,COVID19,2 Doses,2,PFIZER\BIONTECH,590,Hospitalized,H,,,29445,20.48%
COVID19 VACCINE,COVID19,2 Doses,2,PFIZER\BIONTECH,590,,,,,49914,34.71%
COVID19 VACCINE,COVID19,2 Doses,2,UNKNOWN MANUFACTURER,0,Death,DTH,18-29 years,18-29,1,0.00%
COVID19 VACCINE,COVID19,2 Doses,2,UNKNOWN MANUFACTURER,0,Death,DTH,30-39 years,30-39,2,0.00%
COVID19 VACCINE,COVID19,2 Doses,2,UNKNOWN MANUFACTURER,0,Death,DTH,50-59 years,50-59,1,0.00%
COVID19 VACCINE,COVID19,2 Doses,2,UNKNOWN MANUFACTURER,0,Death,DTH,60-64 years,60-64,2,0.00%
COVID19 VACCINE,COVID19,2 Doses,2,UNKNOWN MANUFACTURER,0,Death,DTH,65-79 years,65-79,2,0.00%
COVID19 VACCINE,COVID19,2 Doses,2,UNKNOWN MANUFACTURER,0,Death,DTH,80+ years,80+,6,0.00%
COVID19 VACCINE,COVID19,2 Doses,2,UNKNOWN MANUFACTURER,0,Death,DTH,Unknown,U,3,0.00%
COVID19 VACCINE,COVID19,2 Doses,2,UNKNOWN MANUFACTURER,0,Death,DTH,,,17,0.01%
COVID19 VACCINE,COVID19,2 Doses,2,UNKNOWN MANUFACTURER,0,Life Threatening,LT,6-17 years,6-17,1,0.00%
COVID19 VACCINE,COVID19,2 Doses,2,UNKNOWN MANUFACTURER,0,Life Threatening,LT,18-29 years,18-29,1,0.00%
COVID19 VACCINE,COVID19,2 Doses,2,UNKNOWN MANUFACTURER,0,Life Threatening,LT,30-39 years,30-39,3,0.00%
COVID19 VACCINE,COVID19,2 Doses,2,UNKNOWN MANUFACTURER,0,Life Threatening,LT,65-79 years,65-79,4,0.00%
COVID19 VACCINE,COVID19,2 Doses,2,UNKNOWN MANUFACTURER,0,Life Threatening,LT,80+ years,80+,1,0.00%
COVID19 VACCINE,COVID19,2 Doses,2,UNKNOWN MANUFACTURER,0,Life Threatening,LT,Unknown,U,2,0.00%
COVID19 VACCINE,COVID19,2 Doses,2,UNKNOWN MANUFACTURER,0,Life Threatening,LT,,,12,0.01%
COVID19 VACCINE,COVID19,2 Doses,2,UNKNOWN MANUFACTURER,0,Permanent Disability,DBL,6-17 years,6-17,1,0.00%
COVID19 VACCINE,COVID19,2 Doses,2,UNKNOWN MANUFACTURER,0,Permanent Disability,DBL,18-29 years,18-29,1,0.00%
COVID19 VACCINE,COVID19,2 Doses,2,UNKNOWN MANUFACTURER,0,Permanent Disability,DBL,30-39 years,30-39,1,0.00%
COVID19 VACCINE,COVID19,2 Doses,2,UNKNOWN MANUFACTURER,0,Permanent Disability,DBL,50-59 years,50-59,4,0.00%
COVID19 VACCINE,COVID19,2 Doses,2,UNKNOWN MANUFACTURER,0,Permanent Disability,DBL,60-64 years,60-64,1,0.00%
COVID19 VACCINE,COVID19,2 Doses,2,UNKNOWN MANUFACTURER,0,Permanent Disability,DBL,80+ years,80+,1,0.00%
COVID19 VACCINE,COVID19,2 Doses,2,UNKNOWN MANUFACTURER,0,Permanent Disability,DBL,Unknown,U,3,0.00%
COVID19 VACCINE,COVID19,2 Doses,2,UNKNOWN MANUFACTURER,0,Permanent Disability,DBL,,,12,0.01%
COVID19 VACCINE,COVID19,2 Doses,2,UNKNOWN MANUFACTURER,0,Congenital Anomaly / Birth Defect *,BD,30-39 years,30-39,1,0.00%
COVID19 VACCINE,COVID19,2 Doses,2,UNKNOWN MANUFACTURER,0,Congenital Anomaly / Birth Defect *,BD,,,1,0.00%
COVID19 VACCINE,COVID19,2 Doses,2,UNKNOWN MANUFACTURER,0,Hospitalized,H,6-17 years,6-17,1,0.00%
COVID19 VACCINE,COVID19,2 Doses,2,UNKNOWN MANUFACTURER,0,Hospitalized,H,18-29 years,18-29,4,0.00%
COVID19 VACCINE,COVID19,2 Doses,2,UNKNOWN MANUFACTURER,0,Hospitalized,H,30-39 years,30-39,6,0.00%
COVID19 VACCINE,COVID19,2 Doses,2,UNKNOWN MANUFACTURER,0,Hospitalized,H,40-49 years,40-49,2,0.00%
COVID19 VACCINE,COVID19,2 Doses,2,UNKNOWN MANUFACTURER,0,Hospitalized,H,50-59 years,50-59,9,0.01%
COVID19 VACCINE,COVID19,2 Doses,2,UNKNOWN MANUFACTURER,0,Hospitalized,H,60-64 years,60-64,4,0.00%
COVID19 VACCINE,COVID19,2 Doses,2,UNKNOWN MANUFACTURER,0,Hospitalized,H,65-79 years,65-79,14,0.01%
COVID19 VACCINE,COVID19,2 Doses,2,UNKNOWN MANUFACTURER,0,Hospitalized,H,80+ years,80+,6,0.00%
COVID19 VACCINE,COVID19,2 Doses,2,UNKNOWN MANUFACTURER,0,Hospitalized,H,Unknown,U,8,0.01%
COVID19 VACCINE,COVID19,2 Doses,2,UNKNOWN MANUFACTURER,0,Hospitalized,H,,,54,0.04%
COVID19 VACCINE,COVID19,2 Doses,2,UNKNOWN MANUFACTURER,0,,,,,96,0.07%
COVID19 VACCINE,COVID19,2 Doses,2,,,,,,,65314,45.42%
COVID19 VACCINE,COVID19,3 Doses,3,JANSSEN,592,Life Threatening,LT,65-79 years,65-79,1,0.00%
COVID19 VACCINE,COVID19,3 Doses,3,JANSSEN,592,Life Threatening,LT,80+ years,80+,1,0.00%
COVID19 VACCINE,COVID19,3 Doses,3,JANSSEN,592,Life Threatening,LT,,,2,0.00%
COVID19 VACCINE,COVID19,3 Doses,3,JANSSEN,592,Hospitalized,H,50-59 years,50-59,1,0.00%
COVID19 VACCINE,COVID19,3 Doses,3,JANSSEN,592,Hospitalized,H,65-79 years,65-79,1,0.00%
COVID19 VACCINE,COVID19,3 Doses,3,JANSSEN,592,Hospitalized,H,80+ years,80+,1,0.00%
COVID19 VACCINE,COVID19,3 Doses,3,JANSSEN,592,Hospitalized,H,,,3,0.00%
COVID19 VACCINE,COVID19,3 Doses,3,JANSSEN,592,,,,,5,0.00%
COVID19 VACCINE,COVID19,3 Doses,3,MODERNA,591,Death,DTH,40-49 years,40-49,2,0.00%
COVID19 VACCINE,COVID19,3 Doses,3,MODERNA,591,Death,DTH,50-59 years,50-59,8,0.01%
COVID19 VACCINE,COVID19,3 Doses,3,MODERNA,591,Death,DTH,60-64 years,60-64,7,0.00%
COVID19 VACCINE,COVID19,3 Doses,3,MODERNA,591,Death,DTH,65-79 years,65-79,20,0.01%
COVID19 VACCINE,COVID19,3 Doses,3,MODERNA,591,Death,DTH,80+ years,80+,32,0.02%
COVID19 VACCINE,COVID19,3 Doses,3,MODERNA,591,Death,DTH,Unknown,U,1,0.00%
COVID19 VACCINE,COVID19,3 Doses,3,MODERNA,591,Death,DTH,,,70,0.05%
COVID19 VACCINE,COVID19,3 Doses,3,MODERNA,591,Life Threatening,LT,18-29 years,18-29,5,0.00%
COVID19 VACCINE,COVID19,3 Doses,3,MODERNA,591,Life Threatening,LT,30-39 years,30-39,6,0.00%
COVID19 VACCINE,COVID19,3 Doses,3,MODERNA,591,Life Threatening,LT,40-49 years,40-49,7,0.00%
COVID19 VACCINE,COVID19,3 Doses,3,MODERNA,591,Life Threatening,LT,50-59 years,50-59,15,0.01%
COVID19 VACCINE,COVID19,3 Doses,3,MODERNA,591,Life Threatening,LT,60-64 years,60-64,7,0.00%
COVID19 VACCINE,COVID19,3 Doses,3,MODERNA,591,Life Threatening,LT,65-79 years,65-79,34,0.02%
COVID19 VACCINE,COVID19,3 Doses,3,MODERNA,591,Life Threatening,LT,80+ years,80+,7,0.00%
COVID19 VACCINE,COVID19,3 Doses,3,MODERNA,591,Life Threatening,LT,Unknown,U,2,0.00%
COVID19 VACCINE,COVID19,3 Doses,3,MODERNA,591,Life Threatening,LT,,,83,0.06%
COVID19 VACCINE,COVID19,3 Doses,3,MODERNA,591,Permanent Disability,DBL,18-29 years,18-29,5,0.00%
COVID19 VACCINE,COVID19,3 Doses,3,MODERNA,591,Permanent Disability,DBL,30-39 years,30-39,2,0.00%
COVID19 VACCINE,COVID19,3 Doses,3,MODERNA,591,Permanent Disability,DBL,40-49 years,40-49,2,0.00%
COVID19 VACCINE,COVID19,3 Doses,3,MODERNA,591,Permanent Disability,DBL,50-59 years,50-59,23,0.02%
COVID19 VACCINE,COVID19,3 Doses,3,MODERNA,591,Permanent Disability,DBL,60-64 years,60-64,9,0.01%
COVID19 VACCINE,COVID19,3 Doses,3,MODERNA,591,Permanent Disability,DBL,65-79 years,65-79,29,0.02%
COVID19 VACCINE,COVID19,3 Doses,3,MODERNA,591,Permanent Disability,DBL,80+ years,80+,11,0.01%
COVID19 VACCINE,COVID19,3 Doses,3,MODERNA,591,Permanent Disability,DBL,Unknown,U,1,0.00%
COVID19 VACCINE,COVID19,3 Doses,3,MODERNA,591,Permanent Disability,DBL,,,82,0.06%
COVID19 VACCINE,COVID19,3 Doses,3,MODERNA,591,Congenital Anomaly / Birth Defect *,BD,50-59 years,50-59,1,0.00%
COVID19 VACCINE,COVID19,3 Doses,3,MODERNA,591,Congenital Anomaly / Birth Defect *,BD,65-79 years,65-79,4,0.00%
COVID19 VACCINE,COVID19,3 Doses,3,MODERNA,591,Congenital Anomaly / Birth Defect *,BD,,,5,0.00%
COVID19 VACCINE,COVID19,3 Doses,3,MODERNA,591,Hospitalized,H,6-11 months,1,1,0.00%
COVID19 VACCINE,COVID19,3 Doses,3,MODERNA,591,Hospitalized,H,18-29 years,18-29,15,0.01%
COVID19 VACCINE,COVID19,3 Doses,3,MODERNA,591,Hospitalized,H,30-39 years,30-39,13,0.01%
COVID19 VACCINE,COVID19,3 Doses,3,MODERNA,591,Hospitalized,H,40-49 years,40-49,18,0.01%
COVID19 VACCINE,COVID19,3 Doses,3,MODERNA,591,Hospitalized,H,50-59 years,50-59,36,0.03%
COVID19 VACCINE,COVID19,3 Doses,3,MODERNA,591,Hospitalized,H,60-64 years,60-64,32,0.02%
COVID19 VACCINE,COVID19,3 Doses,3,MODERNA,591,Hospitalized,H,65-79 years,65-79,128,0.09%
COVID19 VACCINE,COVID19,3 Doses,3,MODERNA,591,Hospitalized,H,80+ years,80+,77,0.05%
COVID19 VACCINE,COVID19,3 Doses,3,MODERNA,591,Hospitalized,H,Unknown,U,7,0.00%
COVID19 VACCINE,COVID19,3 Doses,3,MODERNA,591,Hospitalized,H,,,327,0.23%
COVID19 VACCINE,COVID19,3 Doses,3,MODERNA,591,,,,,567,0.39%
COVID19 VACCINE,COVID19,3 Doses,3,PFIZER\BIONTECH,590,Death,DTH,6-17 years,6-17,1,0.00%
COVID19 VACCINE,COVID19,3 Doses,3,PFIZER\BIONTECH,590,Death,DTH,18-29 years,18-29,1,0.00%
COVID19 VACCINE,COVID19,3 Doses,3,PFIZER\BIONTECH,590,Death,DTH,30-39 years,30-39,2,0.00%
COVID19 VACCINE,COVID19,3 Doses,3,PFIZER\BIONTECH,590,Death,DTH,40-49 years,40-49,3,0.00%
COVID19 VACCINE,COVID19,3 Doses,3,PFIZER\BIONTECH,590,Death,DTH,50-59 years,50-59,6,0.00%
COVID19 VACCINE,COVID19,3 Doses,3,PFIZER\BIONTECH,590,Death,DTH,60-64 years,60-64,7,0.00%
COVID19 VACCINE,COVID19,3 Doses,3,PFIZER\BIONTECH,590,Death,DTH,65-79 years,65-79,57,0.04%
COVID19 VACCINE,COVID19,3 Doses,3,PFIZER\BIONTECH,590,Death,DTH,80+ years,80+,83,0.06%
COVID19 VACCINE,COVID19,3 Doses,3,PFIZER\BIONTECH,590,Death,DTH,Unknown,U,115,0.08%
COVID19 VACCINE,COVID19,3 Doses,3,PFIZER\BIONTECH,590,Death,DTH,,,275,0.19%
COVID19 VACCINE,COVID19,3 Doses,3,PFIZER\BIONTECH,590,Life Threatening,LT,6-17 years,6-17,1,0.00%
COVID19 VACCINE,COVID19,3 Doses,3,PFIZER\BIONTECH,590,Life Threatening,LT,18-29 years,18-29,7,0.00%
COVID19 VACCINE,COVID19,3 Doses,3,PFIZER\BIONTECH,590,Life Threatening,LT,30-39 years,30-39,16,0.01%
COVID19 VACCINE,COVID19,3 Doses,3,PFIZER\BIONTECH,590,Life Threatening,LT,40-49 years,40-49,15,0.01%
COVID19 VACCINE,COVID19,3 Doses,3,PFIZER\BIONTECH,590,Life Threatening,LT,50-59 years,50-59,25,0.02%
COVID19 VACCINE,COVID19,3 Doses,3,PFIZER\BIONTECH,590,Life Threatening,LT,60-64 years,60-64,21,0.01%
COVID19 VACCINE,COVID19,3 Doses,3,PFIZER\BIONTECH,590,Life Threatening,LT,65-79 years,65-79,83,0.06%
COVID19 VACCINE,COVID19,3 Doses,3,PFIZER\BIONTECH,590,Life Threatening,LT,80+ years,80+,48,0.03%
COVID19 VACCINE,COVID19,3 Doses,3,PFIZER\BIONTECH,590,Life Threatening,LT,Unknown,U,86,0.06%
COVID19 VACCINE,COVID19,3 Doses,3,PFIZER\BIONTECH,590,Life Threatening,LT,,,302,0.21%
COVID19 VACCINE,COVID19,3 Doses,3,PFIZER\BIONTECH,590,Permanent Disability,DBL,6-17 years,6-17,1,0.00%
COVID19 VACCINE,COVID19,3 Doses,3,PFIZER\BIONTECH,590,Permanent Disability,DBL,18-29 years,18-29,18,0.01%
COVID19 VACCINE,COVID19,3 Doses,3,PFIZER\BIONTECH,590,Permanent Disability,DBL,30-39 years,30-39,28,0.02%
COVID19 VACCINE,COVID19,3 Doses,3,PFIZER\BIONTECH,590,Permanent Disability,DBL,40-49 years,40-49,39,0.03%
COVID19 VACCINE,COVID19,3 Doses,3,PFIZER\BIONTECH,590,Permanent Disability,DBL,50-59 years,50-59,51,0.04%
COVID19 VACCINE,COVID19,3 Doses,3,PFIZER\BIONTECH,590,Permanent Disability,DBL,60-64 years,60-64,22,0.02%
COVID19 VACCINE,COVID19,3 Doses,3,PFIZER\BIONTECH,590,Permanent Disability,DBL,65-79 years,65-79,78,0.05%
COVID19 VACCINE,COVID19,3 Doses,3,PFIZER\BIONTECH,590,Permanent Disability,DBL,80+ years,80+,22,0.02%
COVID19 VACCINE,COVID19,3 Doses,3,PFIZER\BIONTECH,590,Permanent Disability,DBL,Unknown,U,125,0.09%
COVID19 VACCINE,COVID19,3 Doses,3,PFIZER\BIONTECH,590,Permanent Disability,DBL,,,384,0.27%
COVID19 VACCINE,COVID19,3 Doses,3,PFIZER\BIONTECH,590,Congenital Anomaly / Birth Defect *,BD,30-39 years,30-39,1,0.00%
COVID19 VACCINE,COVID19,3 Doses,3,PFIZER\BIONTECH,590,Congenital Anomaly / Birth Defect *,BD,40-49 years,40-49,2,0.00%
COVID19 VACCINE,COVID19,3 Doses,3,PFIZER\BIONTECH,590,Congenital Anomaly / Birth Defect *,BD,65-79 years,65-79,1,0.00%
COVID19 VACCINE,COVID19,3 Doses,3,PFIZER\BIONTECH,590,Congenital Anomaly / Birth Defect *,BD,80+ years,80+,1,0.00%
COVID19 VACCINE,COVID19,3 Doses,3,PFIZER\BIONTECH,590,Congenital Anomaly / Birth Defect *,BD,,,5,0.00%
COVID19 VACCINE,COVID19,3 Doses,3,PFIZER\BIONTECH,590,Hospitalized,H,6-17 years,6-17,6,0.00%
COVID19 VACCINE,COVID19,3 Doses,3,PFIZER\BIONTECH,590,Hospitalized,H,18-29 years,18-29,25,0.02%
COVID19 VACCINE,COVID19,3 Doses,3,PFIZER\BIONTECH,590,Hospitalized,H,30-39 years,30-39,55,0.04%
COVID19 VACCINE,COVID19,3 Doses,3,PFIZER\BIONTECH,590,Hospitalized,H,40-49 years,40-49,57,0.04%
COVID19 VACCINE,COVID19,3 Doses,3,PFIZER\BIONTECH,590,Hospitalized,H,50-59 years,50-59,75,0.05%
COVID19 VACCINE,COVID19,3 Doses,3,PFIZER\BIONTECH,590,Hospitalized,H,60-64 years,60-64,68,0.05%
COVID19 VACCINE,COVID19,3 Doses,3,PFIZER\BIONTECH,590,Hospitalized,H,65-79 years,65-79,327,0.23%
COVID19 VACCINE,COVID19,3 Doses,3,PFIZER\BIONTECH,590,Hospitalized,H,80+ years,80+,190,0.13%
COVID19 VACCINE,COVID19,3 Doses,3,PFIZER\BIONTECH,590,Hospitalized,H,Unknown,U,259,0.18%
COVID19 VACCINE,COVID19,3 Doses,3,PFIZER\BIONTECH,590,Hospitalized,H,,,1062,0.74%
COVID19 VACCINE,COVID19,3 Doses,3,PFIZER\BIONTECH,590,,,,,2028,1.41%
COVID19 VACCINE,COVID19,3 Doses,3,UNKNOWN MANUFACTURER,0,Death,DTH,65-79 years,65-79,2,0.00%
COVID19 VACCINE,COVID19,3 Doses,3,UNKNOWN MANUFACTURER,0,Death,DTH,,,2,0.00%
COVID19 VACCINE,COVID19,3 Doses,3,UNKNOWN MANUFACTURER,0,Life Threatening,LT,Unknown,U,1,0.00%
COVID19 VACCINE,COVID19,3 Doses,3,UNKNOWN MANUFACTURER,0,Life Threatening,LT,,,1,0.00%
COVID19 VACCINE,COVID19,3 Doses,3,UNKNOWN MANUFACTURER,0,Hospitalized,H,Unknown,U,2,0.00%
COVID19 VACCINE,COVID19,3 Doses,3,UNKNOWN MANUFACTURER,0,Hospitalized,H,,,2,0.00%
COVID19 VACCINE,COVID19,3 Doses,3,UNKNOWN MANUFACTURER,0,,,,,5,0.00%
COVID19 VACCINE,COVID19,3 Doses,3,,,,,,,2605,1.81%
COVID19 VACCINE,COVID19,4 Doses,4,JANSSEN,592,Permanent Disability,DBL,65-79 years,65-79,1,0.00%
COVID19 VACCINE,COVID19,4 Doses,4,JANSSEN,592,Permanent Disability,DBL,,,1,0.00%
COVID19 VACCINE,COVID19,4 Doses,4,JANSSEN,592,,,,,1,0.00%
COVID19 VACCINE,COVID19,4 Doses,4,MODERNA,591,Life Threatening,LT,30-39 years,30-39,1,0.00%
COVID19 VACCINE,COVID19,4 Doses,4,MODERNA,591,Life Threatening,LT,,,1,0.00%
COVID19 VACCINE,COVID19,4 Doses,4,MODERNA,591,Hospitalized,H,30-39 years,30-39,1,0.00%
COVID19 VACCINE,COVID19,4 Doses,4,MODERNA,591,Hospitalized,H,40-49 years,40-49,1,0.00%
COVID19 VACCINE,COVID19,4 Doses,4,MODERNA,591,Hospitalized,H,Unknown,U,1,0.00%
COVID19 VACCINE,COVID19,4 Doses,4,MODERNA,591,Hospitalized,H,,,3,0.00%
COVID19 VACCINE,COVID19,4 Doses,4,MODERNA,591,,,,,4,0.00%
COVID19 VACCINE,COVID19,4 Doses,4,PFIZER\BIONTECH,590,Permanent Disability,DBL,18-29 years,18-29,1,0.00%
COVID19 VACCINE,COVID19,4 Doses,4,PFIZER\BIONTECH,590,Permanent Disability,DBL,,,1,0.00%
COVID19 VACCINE,COVID19,4 Doses,4,PFIZER\BIONTECH,590,Hospitalized,H,30-39 years,30-39,1,0.00%
COVID19 VACCINE,COVID19,4 Doses,4,PFIZER\BIONTECH,590,Hospitalized,H,40-49 years,40-49,1,0.00%
COVID19 VACCINE,COVID19,4 Doses,4,PFIZER\BIONTECH,590,Hospitalized,H,50-59 years,50-59,1,0.00%
COVID19 VACCINE,COVID19,4 Doses,4,PFIZER\BIONTECH,590,Hospitalized,H,65-79 years,65-79,1,0.00%
COVID19 VACCINE,COVID19,4 Doses,4,PFIZER\BIONTECH,590,Hospitalized,H,80+ years,80+,3,0.00%
COVID19 VACCINE,COVID19,4 Doses,4,PFIZER\BIONTECH,590,Hospitalized,H,,,7,0.00%
COVID19 VACCINE,COVID19,4 Doses,4,PFIZER\BIONTECH,590,,,,,8,0.01%
COVID19 VACCINE,COVID19,4 Doses,4,,,,,,,13,0.01%
COVID19 VACCINE,COVID19,5 Doses,5,JANSSEN,592,Permanent Disability,DBL,40-49 years,40-49,2,0.00%
COVID19 VACCINE,COVID19,5 Doses,5,JANSSEN,592,Permanent Disability,DBL,,,2,0.00%
COVID19 VACCINE,COVID19,5 Doses,5,JANSSEN,592,Hospitalized,H,65-79 years,65-79,1,0.00%
COVID19 VACCINE,COVID19,5 Doses,5,JANSSEN,592,Hospitalized,H,,,1,0.00%
COVID19 VACCINE,COVID19,5 Doses,5,JANSSEN,592,,,,,3,0.00%
COVID19 VACCINE,COVID19,5 Doses,5,MODERNA,591,Death,DTH,65-79 years,65-79,1,0.00%
COVID19 VACCINE,COVID19,5 Doses,5,MODERNA,591,Death,DTH,80+ years,80+,3,0.00%
COVID19 VACCINE,COVID19,5 Doses,5,MODERNA,591,Death,DTH,,,4,0.00%
COVID19 VACCINE,COVID19,5 Doses,5,MODERNA,591,Life Threatening,LT,40-49 years,40-49,1,0.00%
COVID19 VACCINE,COVID19,5 Doses,5,MODERNA,591,Life Threatening,LT,65-79 years,65-79,2,0.00%
COVID19 VACCINE,COVID19,5 Doses,5,MODERNA,591,Life Threatening,LT,,,3,0.00%
COVID19 VACCINE,COVID19,5 Doses,5,MODERNA,591,Permanent Disability,DBL,65-79 years,65-79,1,0.00%
COVID19 VACCINE,COVID19,5 Doses,5,MODERNA,591,Permanent Disability,DBL,,,1,0.00%
COVID19 VACCINE,COVID19,5 Doses,5,MODERNA,591,Hospitalized,H,30-39 years,30-39,1,0.00%
COVID19 VACCINE,COVID19,5 Doses,5,MODERNA,591,Hospitalized,H,40-49 years,40-49,1,0.00%
COVID19 VACCINE,COVID19,5 Doses,5,MODERNA,591,Hospitalized,H,65-79 years,65-79,3,0.00%
COVID19 VACCINE,COVID19,5 Doses,5,MODERNA,591,Hospitalized,H,80+ years,80+,1,0.00%
COVID19 VACCINE,COVID19,5 Doses,5,MODERNA,591,Hospitalized,H,,,6,0.00%
COVID19 VACCINE,COVID19,5 Doses,5,MODERNA,591,,,,,14,0.01%
COVID19 VACCINE,COVID19,5 Doses,5,PFIZER\BIONTECH,590,Permanent Disability,DBL,65-79 years,65-79,1,0.00%
COVID19 VACCINE,COVID19,5 Doses,5,PFIZER\BIONTECH,590,Permanent Disability,DBL,,,1,0.00%
COVID19 VACCINE,COVID19,5 Doses,5,PFIZER\BIONTECH,590,Hospitalized,H,40-49 years,40-49,1,0.00%
COVID19 VACCINE,COVID19,5 Doses,5,PFIZER\BIONTECH,590,Hospitalized,H,60-64 years,60-64,2,0.00%
COVID19 VACCINE,COVID19,5 Doses,5,PFIZER\BIONTECH,590,Hospitalized,H,65-79 years,65-79,1,0.00%
COVID19 VACCINE,COVID19,5 Doses,5,PFIZER\BIONTECH,590,Hospitalized,H,Unknown,U,1,0.00%
COVID19 VACCINE,COVID19,5 Doses,5,PFIZER\BIONTECH,590,Hospitalized,H,,,5,0.00%
COVID19 VACCINE,COVID19,5 Doses,5,PFIZER\BIONTECH,590,,,,,6,0.00%
COVID19 VACCINE,COVID19,5 Doses,5,UNKNOWN MANUFACTURER,0,Hospitalized,H,65-79 years,65-79,1,0.00%
COVID19 VACCINE,COVID19,5 Doses,5,UNKNOWN MANUFACTURER,0,Hospitalized,H,,,1,0.00%
COVID19 VACCINE,COVID19,5 Doses,5,UNKNOWN MANUFACTURER,0,,,,,1,0.00%
COVID19 VACCINE,COVID19,5 Doses,5,,,,,,,24,0.02%
COVID19 VACCINE,COVID19,6 Doses,6,JANSSEN,592,Life Threatening,LT,18-29 years,18-29,1,0.00%
COVID19 VACCINE,COVID19,6 Doses,6,JANSSEN,592,Life Threatening,LT,,,1,0.00%
COVID19 VACCINE,COVID19,6 Doses,6,JANSSEN,592,Hospitalized,H,18-29 years,18-29,1,0.00%
COVID19 VACCINE,COVID19,6 Doses,6,JANSSEN,592,Hospitalized,H,,,1,0.00%
COVID19 VACCINE,COVID19,6 Doses,6,JANSSEN,592,,,,,2,0.00%
COVID19 VACCINE,COVID19,6 Doses,6,MODERNA,591,Life Threatening,LT,30-39 years,30-39,1,0.00%
COVID19 VACCINE,COVID19,6 Doses,6,MODERNA,591,Life Threatening,LT,,,1,0.00%
COVID19 VACCINE,COVID19,6 Doses,6,MODERNA,591,Permanent Disability,DBL,30-39 years,30-39,1,0.00%
COVID19 VACCINE,COVID19,6 Doses,6,MODERNA,591,Permanent Disability,DBL,,,1,0.00%
COVID19 VACCINE,COVID19,6 Doses,6,MODERNA,591,Hospitalized,H,65-79 years,65-79,1,0.00%
COVID19 VACCINE,COVID19,6 Doses,6,MODERNA,591,Hospitalized,H,,,1,0.00%
COVID19 VACCINE,COVID19,6 Doses,6,MODERNA,591,,,,,3,0.00%
COVID19 VACCINE,COVID19,6 Doses,6,PFIZER\BIONTECH,590,Death,DTH,65-79 years,65-79,1,0.00%
COVID19 VACCINE,COVID19,6 Doses,6,PFIZER\BIONTECH,590,Death,DTH,,,1,0.00%
COVID19 VACCINE,COVID19,6 Doses,6,PFIZER\BIONTECH,590,Life Threatening,LT,65-79 years,65-79,1,0.00%
COVID19 VACCINE,COVID19,6 Doses,6,PFIZER\BIONTECH,590,Life Threatening,LT,,,1,0.00%
COVID19 VACCINE,COVID19,6 Doses,6,PFIZER\BIONTECH,590,Permanent Disability,DBL,65-79 years,65-79,1,0.00%
COVID19 VACCINE,COVID19,6 Doses,6,PFIZER\BIONTECH,590,Permanent Disability,DBL,,,1,0.00%
COVID19 VACCINE,COVID19,6 Doses,6,PFIZER\BIONTECH,590,Hospitalized,H,65-79 years,65-79,1,0.00%
COVID19 VACCINE,COVID19,6 Doses,6,PFIZER\BIONTECH,590,Hospitalized,H,,,1,0.00%
COVID19 VACCINE,COVID19,6 Doses,6,PFIZER\BIONTECH,590,,,,,4,0.00%
COVID19 VACCINE,COVID19,6 Doses,6,,,,,,,9,0.01%
COVID19 VACCINE,COVID19,7 or more Doses,7+,JANSSEN,592,Life Threatening,LT,40-49 years,40-49,1,0.00%
COVID19 VACCINE,COVID19,7 or more Doses,7+,JANSSEN,592,Life Threatening,LT,,,1,0.00%
COVID19 VACCINE,COVID19,7 or more Doses,7+,JANSSEN,592,Permanent Disability,DBL,40-49 years,40-49,1,0.00%
COVID19 VACCINE,COVID19,7 or more Doses,7+,JANSSEN,592,Permanent Disability,DBL,65-79 years,65-79,1,0.00%
COVID19 VACCINE,COVID19,7 or more Doses,7+,JANSSEN,592,Permanent Disability,DBL,,,2,0.00%
COVID19 VACCINE,COVID19,7 or more Doses,7+,JANSSEN,592,Hospitalized,H,40-49 years,40-49,1,0.00%
COVID19 VACCINE,COVID19,7 or more Doses,7+,JANSSEN,592,Hospitalized,H,65-79 years,65-79,1,0.00%
COVID19 VACCINE,COVID19,7 or more Doses,7+,JANSSEN,592,Hospitalized,H,,,2,0.00%
COVID19 VACCINE,COVID19,7 or more Doses,7+,JANSSEN,592,,,,,5,0.00%
COVID19 VACCINE,COVID19,7 or more Doses,7+,MODERNA,591,Death,DTH,30-39 years,30-39,1,0.00%
COVID19 VACCINE,COVID19,7 or more Doses,7+,MODERNA,591,Death,DTH,60-64 years,60-64,2,0.00%
COVID19 VACCINE,COVID19,7 or more Doses,7+,MODERNA,591,Death,DTH,65-79 years,65-79,1,0.00%
COVID19 VACCINE,COVID19,7 or more Doses,7+,MODERNA,591,Death,DTH,80+ years,80+,2,0.00%
COVID19 VACCINE,COVID19,7 or more Doses,7+,MODERNA,591,Death,DTH,,,6,0.00%
COVID19 VACCINE,COVID19,7 or more Doses,7+,MODERNA,591,Life Threatening,LT,65-79 years,65-79,1,0.00%
COVID19 VACCINE,COVID19,7 or more Doses,7+,MODERNA,591,Life Threatening,LT,80+ years,80+,1,0.00%
COVID19 VACCINE,COVID19,7 or more Doses,7+,MODERNA,591,Life Threatening,LT,,,2,0.00%
COVID19 VACCINE,COVID19,7 or more Doses,7+,MODERNA,591,Permanent Disability,DBL,80+ years,80+,1,0.00%
COVID19 VACCINE,COVID19,7 or more Doses,7+,MODERNA,591,Permanent Disability,DBL,,,1,0.00%
COVID19 VACCINE,COVID19,7 or more Doses,7+,MODERNA,591,Hospitalized,H,40-49 years,40-49,2,0.00%
COVID19 VACCINE,COVID19,7 or more Doses,7+,MODERNA,591,Hospitalized,H,50-59 years,50-59,1,0.00%
COVID19 VACCINE,COVID19,7 or more Doses,7+,MODERNA,591,Hospitalized,H,60-64 years,60-64,1,0.00%
COVID19 VACCINE,COVID19,7 or more Doses,7+,MODERNA,591,Hospitalized,H,65-79 years,65-79,2,0.00%
COVID19 VACCINE,COVID19,7 or more Doses,7+,MODERNA,591,Hospitalized,H,80+ years,80+,1,0.00%
COVID19 VACCINE,COVID19,7 or more Doses,7+,MODERNA,591,Hospitalized,H,,,7,0.00%
COVID19 VACCINE,COVID19,7 or more Doses,7+,MODERNA,591,,,,,16,0.01%
COVID19 VACCINE,COVID19,7 or more Doses,7+,PFIZER\BIONTECH,590,Death,DTH,65-79 years,65-79,1,0.00%
COVID19 VACCINE,COVID19,7 or more Doses,7+,PFIZER\BIONTECH,590,Death,DTH,,,1,0.00%
COVID19 VACCINE,COVID19,7 or more Doses,7+,PFIZER\BIONTECH,590,Life Threatening,LT,65-79 years,65-79,1,0.00%
COVID19 VACCINE,COVID19,7 or more Doses,7+,PFIZER\BIONTECH,590,Life Threatening,LT,,,1,0.00%
COVID19 VACCINE,COVID19,7 or more Doses,7+,PFIZER\BIONTECH,590,Hospitalized,H,65-79 years,65-79,1,0.00%
COVID19 VACCINE,COVID19,7 or more Doses,7+,PFIZER\BIONTECH,590,Hospitalized,H,,,1,0.00%
COVID19 VACCINE,COVID19,7 or more Doses,7+,PFIZER\BIONTECH,590,,,,,3,0.00%
COVID19 VACCINE,COVID19,7 or more Doses,7+,,,,,,,24,0.02%
COVID19 VACCINE,COVID19,Unknown,Unk,JANSSEN,592,Death,DTH,18-29 years,18-29,25,0.02%
COVID19 VACCINE,COVID19,Unknown,Unk,JANSSEN,592,Death,DTH,30-39 years,30-39,32,0.02%
COVID19 VACCINE,COVID19,Unknown,Unk,JANSSEN,592,Death,DTH,40-49 years,40-49,37,0.03%
COVID19 VACCINE,COVID19,Unknown,Unk,JANSSEN,592,Death,DTH,50-59 years,50-59,79,0.05%
COVID19 VACCINE,COVID19,Unknown,Unk,JANSSEN,592,Death,DTH,60-64 years,60-64,75,0.05%
COVID19 VACCINE,COVID19,Unknown,Unk,JANSSEN,592,Death,DTH,65-79 years,65-79,153,0.11%
COVID19 VACCINE,COVID19,Unknown,Unk,JANSSEN,592,Death,DTH,80+ years,80+,80,0.06%
COVID19 VACCINE,COVID19,Unknown,Unk,JANSSEN,592,Death,DTH,Unknown,U,571,0.40%
COVID19 VACCINE,COVID19,Unknown,Unk,JANSSEN,592,Death,DTH,,,1052,0.73%
COVID19 VACCINE,COVID19,Unknown,Unk,JANSSEN,592,Life Threatening,LT,18-29 years,18-29,56,0.04%
COVID19 VACCINE,COVID19,Unknown,Unk,JANSSEN,592,Life Threatening,LT,30-39 years,30-39,68,0.05%
COVID19 VACCINE,COVID19,Unknown,Unk,JANSSEN,592,Life Threatening,LT,40-49 years,40-49,65,0.05%
COVID19 VACCINE,COVID19,Unknown,Unk,JANSSEN,592,Life Threatening,LT,50-59 years,50-59,100,0.07%
COVID19 VACCINE,COVID19,Unknown,Unk,JANSSEN,592,Life Threatening,LT,60-64 years,60-64,61,0.04%
COVID19 VACCINE,COVID19,Unknown,Unk,JANSSEN,592,Life Threatening,LT,65-79 years,65-79,70,0.05%
COVID19 VACCINE,COVID19,Unknown,Unk,JANSSEN,592,Life Threatening,LT,80+ years,80+,27,0.02%
COVID19 VACCINE,COVID19,Unknown,Unk,JANSSEN,592,Life Threatening,LT,Unknown,U,369,0.26%
COVID19 VACCINE,COVID19,Unknown,Unk,JANSSEN,592,Life Threatening,LT,,,816,0.57%
COVID19 VACCINE,COVID19,Unknown,Unk,JANSSEN,592,Permanent Disability,DBL,6-11 months,1,1,0.00%
COVID19 VACCINE,COVID19,Unknown,Unk,JANSSEN,592,Permanent Disability,DBL,6-17 years,6-17,1,0.00%
COVID19 VACCINE,COVID19,Unknown,Unk,JANSSEN,592,Permanent Disability,DBL,18-29 years,18-29,142,0.10%
COVID19 VACCINE,COVID19,Unknown,Unk,JANSSEN,592,Permanent Disability,DBL,30-39 years,30-39,111,0.08%
COVID19 VACCINE,COVID19,Unknown,Unk,JANSSEN,592,Permanent Disability,DBL,40-49 years,40-49,150,0.10%
COVID19 VACCINE,COVID19,Unknown,Unk,JANSSEN,592,Permanent Disability,DBL,50-59 years,50-59,114,0.08%
COVID19 VACCINE,COVID19,Unknown,Unk,JANSSEN,592,Permanent Disability,DBL,60-64 years,60-64,47,0.03%
COVID19 VACCINE,COVID19,Unknown,Unk,JANSSEN,592,Permanent Disability,DBL,65-79 years,65-79,49,0.03%
COVID19 VACCINE,COVID19,Unknown,Unk,JANSSEN,592,Permanent Disability,DBL,80+ years,80+,14,0.01%
COVID19 VACCINE,COVID19,Unknown,Unk,JANSSEN,592,Permanent Disability,DBL,Unknown,U,386,0.27%
COVID19 VACCINE,COVID19,Unknown,Unk,JANSSEN,592,Permanent Disability,DBL,,,1015,0.71%
COVID19 VACCINE,COVID19,Unknown,Unk,JANSSEN,592,Congenital Anomaly / Birth Defect *,BD,1-2 years,1-2,1,0.00%
COVID19 VACCINE,COVID19,Unknown,Unk,JANSSEN,592,Congenital Anomaly / Birth Defect *,BD,18-29 years,18-29,1,0.00%
COVID19 VACCINE,COVID19,Unknown,Unk,JANSSEN,592,Congenital Anomaly / Birth Defect *,BD,40-49 years,40-49,2,0.00%
COVID19 VACCINE,COVID19,Unknown,Unk,JANSSEN,592,Congenital Anomaly / Birth Defect *,BD,50-59 years,50-59,2,0.00%
COVID19 VACCINE,COVID19,Unknown,Unk,JANSSEN,592,Congenital Anomaly / Birth Defect *,BD,60-64 years,60-64,1,0.00%
COVID19 VACCINE,COVID19,Unknown,Unk,JANSSEN,592,Congenital Anomaly / Birth Defect *,BD,65-79 years,65-79,1,0.00%
COVID19 VACCINE,COVID19,Unknown,Unk,JANSSEN,592,Congenital Anomaly / Birth Defect *,BD,Unknown,U,5,0.00%
COVID19 VACCINE,COVID19,Unknown,Unk,JANSSEN,592,Congenital Anomaly / Birth Defect *,BD,,,13,0.01%
COVID19 VACCINE,COVID19,Unknown,Unk,JANSSEN,592,Hospitalized,H,6-11 months,1,1,0.00%
COVID19 VACCINE,COVID19,Unknown,Unk,JANSSEN,592,Hospitalized,H,1-2 years,1-2,1,0.00%
COVID19 VACCINE,COVID19,Unknown,Unk,JANSSEN,592,Hospitalized,H,6-17 years,6-17,1,0.00%
COVID19 VACCINE,COVID19,Unknown,Unk,JANSSEN,592,Hospitalized,H,18-29 years,18-29,201,0.14%
COVID19 VACCINE,COVID19,Unknown,Unk,JANSSEN,592,Hospitalized,H,30-39 years,30-39,270,0.19%
COVID19 VACCINE,COVID19,Unknown,Unk,JANSSEN,592,Hospitalized,H,40-49 years,40-49,273,0.19%
COVID19 VACCINE,COVID19,Unknown,Unk,JANSSEN,592,Hospitalized,H,50-59 years,50-59,387,0.27%
COVID19 VACCINE,COVID19,Unknown,Unk,JANSSEN,592,Hospitalized,H,60-64 years,60-64,249,0.17%
COVID19 VACCINE,COVID19,Unknown,Unk,JANSSEN,592,Hospitalized,H,65-79 years,65-79,394,0.27%
COVID19 VACCINE,COVID19,Unknown,Unk,JANSSEN,592,Hospitalized,H,80+ years,80+,147,0.10%
COVID19 VACCINE,COVID19,Unknown,Unk,JANSSEN,592,Hospitalized,H,Unknown,U,1947,1.35%
COVID19 VACCINE,COVID19,Unknown,Unk,JANSSEN,592,Hospitalized,H,,,3871,2.69%
COVID19 VACCINE,COVID19,Unknown,Unk,JANSSEN,592,,,,,6767,4.71%
COVID19 VACCINE,COVID19,Unknown,Unk,MODERNA,591,Death,DTH,6-17 years,6-17,3,0.00%
COVID19 VACCINE,COVID19,Unknown,Unk,MODERNA,591,Death,DTH,18-29 years,18-29,11,0.01%
COVID19 VACCINE,COVID19,Unknown,Unk,MODERNA,591,Death,DTH,30-39 years,30-39,24,0.02%
COVID19 VACCINE,COVID19,Unknown,Unk,MODERNA,591,Death,DTH,40-49 years,40-49,40,0.03%
COVID19 VACCINE,COVID19,Unknown,Unk,MODERNA,591,Death,DTH,50-59 years,50-59,80,0.06%
COVID19 VACCINE,COVID19,Unknown,Unk,MODERNA,591,Death,DTH,60-64 years,60-64,57,0.04%
COVID19 VACCINE,COVID19,Unknown,Unk,MODERNA,591,Death,DTH,65-79 years,65-79,308,0.21%
COVID19 VACCINE,COVID19,Unknown,Unk,MODERNA,591,Death,DTH,80+ years,80+,291,0.20%
COVID19 VACCINE,COVID19,Unknown,Unk,MODERNA,591,Death,DTH,Unknown,U,85,0.06%
COVID19 VACCINE,COVID19,Unknown,Unk,MODERNA,591,Death,DTH,,,899,0.63%
COVID19 VACCINE,COVID19,Unknown,Unk,MODERNA,591,Life Threatening,LT,6-17 years,6-17,4,0.00%
COVID19 VACCINE,COVID19,Unknown,Unk,MODERNA,591,Life Threatening,LT,18-29 years,18-29,80,0.06%
COVID19 VACCINE,COVID19,Unknown,Unk,MODERNA,591,Life Threatening,LT,30-39 years,30-39,80,0.06%
COVID19 VACCINE,COVID19,Unknown,Unk,MODERNA,591,Life Threatening,LT,40-49 years,40-49,140,0.10%
COVID19 VACCINE,COVID19,Unknown,Unk,MODERNA,591,Life Threatening,LT,50-59 years,50-59,179,0.12%
COVID19 VACCINE,COVID19,Unknown,Unk,MODERNA,591,Life Threatening,LT,60-64 years,60-64,78,0.05%
COVID19 VACCINE,COVID19,Unknown,Unk,MODERNA,591,Life Threatening,LT,65-79 years,65-79,253,0.18%
COVID19 VACCINE,COVID19,Unknown,Unk,MODERNA,591,Life Threatening,LT,80+ years,80+,91,0.06%
COVID19 VACCINE,COVID19,Unknown,Unk,MODERNA,591,Life Threatening,LT,Unknown,U,37,0.03%
COVID19 VACCINE,COVID19,Unknown,Unk,MODERNA,591,Life Threatening,LT,,,942,0.66%
COVID19 VACCINE,COVID19,Unknown,Unk,MODERNA,591,Permanent Disability,DBL,3-5 years,3-5,1,0.00%
COVID19 VACCINE,COVID19,Unknown,Unk,MODERNA,591,Permanent Disability,DBL,6-17 years,6-17,2,0.00%
COVID19 VACCINE,COVID19,Unknown,Unk,MODERNA,591,Permanent Disability,DBL,18-29 years,18-29,101,0.07%
COVID19 VACCINE,COVID19,Unknown,Unk,MODERNA,591,Permanent Disability,DBL,30-39 years,30-39,144,0.10%
COVID19 VACCINE,COVID19,Unknown,Unk,MODERNA,591,Permanent Disability,DBL,40-49 years,40-49,180,0.13%
COVID19 VACCINE,COVID19,Unknown,Unk,MODERNA,591,Permanent Disability,DBL,50-59 years,50-59,197,0.14%
COVID19 VACCINE,COVID19,Unknown,Unk,MODERNA,591,Permanent Disability,DBL,60-64 years,60-64,83,0.06%
COVID19 VACCINE,COVID19,Unknown,Unk,MODERNA,591,Permanent Disability,DBL,65-79 years,65-79,231,0.16%
COVID19 VACCINE,COVID19,Unknown,Unk,MODERNA,591,Permanent Disability,DBL,80+ years,80+,73,0.05%
COVID19 VACCINE,COVID19,Unknown,Unk,MODERNA,591,Permanent Disability,DBL,Unknown,U,31,0.02%
COVID19 VACCINE,COVID19,Unknown,Unk,MODERNA,591,Permanent Disability,DBL,,,1043,0.73%
COVID19 VACCINE,COVID19,Unknown,Unk,MODERNA,591,Congenital Anomaly / Birth Defect *,BD,18-29 years,18-29,1,0.00%
COVID19 VACCINE,COVID19,Unknown,Unk,MODERNA,591,Congenital Anomaly / Birth Defect *,BD,30-39 years,30-39,10,0.01%
COVID19 VACCINE,COVID19,Unknown,Unk,MODERNA,591,Congenital Anomaly / Birth Defect *,BD,40-49 years,40-49,3,0.00%
COVID19 VACCINE,COVID19,Unknown,Unk,MODERNA,591,Congenital Anomaly / Birth Defect *,BD,50-59 years,50-59,2,0.00%
COVID19 VACCINE,COVID19,Unknown,Unk,MODERNA,591,Congenital Anomaly / Birth Defect *,BD,65-79 years,65-79,2,0.00%
COVID19 VACCINE,COVID19,Unknown,Unk,MODERNA,591,Congenital Anomaly / Birth Defect *,BD,80+ years,80+,2,0.00%
COVID19 VACCINE,COVID19,Unknown,Unk,MODERNA,591,Congenital Anomaly / Birth Defect *,BD,Unknown,U,2,0.00%
COVID19 VACCINE,COVID19,Unknown,Unk,MODERNA,591,Congenital Anomaly / Birth Defect *,BD,,,22,0.02%
COVID19 VACCINE,COVID19,Unknown,Unk,MODERNA,591,Hospitalized,H,< 6 months,0,1,0.00%
COVID19 VACCINE,COVID19,Unknown,Unk,MODERNA,591,Hospitalized,H,6-17 years,6-17,30,0.02%
COVID19 VACCINE,COVID19,Unknown,Unk,MODERNA,591,Hospitalized,H,18-29 years,18-29,493,0.34%
COVID19 VACCINE,COVID19,Unknown,Unk,MODERNA,591,Hospitalized,H,30-39 years,30-39,411,0.29%
COVID19 VACCINE,COVID19,Unknown,Unk,MODERNA,591,Hospitalized,H,40-49 years,40-49,469,0.33%
COVID19 VACCINE,COVID19,Unknown,Unk,MODERNA,591,Hospitalized,H,50-59 years,50-59,562,0.39%
COVID19 VACCINE,COVID19,Unknown,Unk,MODERNA,591,Hospitalized,H,60-64 years,60-64,301,0.21%
COVID19 VACCINE,COVID19,Unknown,Unk,MODERNA,591,Hospitalized,H,65-79 years,65-79,1204,0.84%
COVID19 VACCINE,COVID19,Unknown,Unk,MODERNA,591,Hospitalized,H,80+ years,80+,635,0.44%
COVID19 VACCINE,COVID19,Unknown,Unk,MODERNA,591,Hospitalized,H,Unknown,U,131,0.09%
COVID19 VACCINE,COVID19,Unknown,Unk,MODERNA,591,Hospitalized,H,,,4237,2.95%
COVID19 VACCINE,COVID19,Unknown,Unk,MODERNA,591,,,,,7143,4.97%
COVID19 VACCINE,COVID19,Unknown,Unk,PFIZER\BIONTECH,590,Death,DTH,1-2 years,1-2,1,0.00%
COVID19 VACCINE,COVID19,Unknown,Unk,PFIZER\BIONTECH,590,Death,DTH,6-17 years,6-17,8,0.01%
COVID19 VACCINE,COVID19,Unknown,Unk,PFIZER\BIONTECH,590,Death,DTH,18-29 years,18-29,26,0.02%
COVID19 VACCINE,COVID19,Unknown,Unk,PFIZER\BIONTECH,590,Death,DTH,30-39 years,30-39,36,0.03%
COVID19 VACCINE,COVID19,Unknown,Unk,PFIZER\BIONTECH,590,Death,DTH,40-49 years,40-49,63,0.04%
COVID19 VACCINE,COVID19,Unknown,Unk,PFIZER\BIONTECH,590,Death,DTH,50-59 years,50-59,99,0.07%
COVID19 VACCINE,COVID19,Unknown,Unk,PFIZER\BIONTECH,590,Death,DTH,60-64 years,60-64,111,0.08%
COVID19 VACCINE,COVID19,Unknown,Unk,PFIZER\BIONTECH,590,Death,DTH,65-79 years,65-79,437,0.30%
COVID19 VACCINE,COVID19,Unknown,Unk,PFIZER\BIONTECH,590,Death,DTH,80+ years,80+,503,0.35%
COVID19 VACCINE,COVID19,Unknown,Unk,PFIZER\BIONTECH,590,Death,DTH,Unknown,U,1901,1.32%
COVID19 VACCINE,COVID19,Unknown,Unk,PFIZER\BIONTECH,590,Death,DTH,,,3185,2.21%
COVID19 VACCINE,COVID19,Unknown,Unk,PFIZER\BIONTECH,590,Life Threatening,LT,< 6 months,0,1,0.00%
COVID19 VACCINE,COVID19,Unknown,Unk,PFIZER\BIONTECH,590,Life Threatening,LT,6-17 years,6-17,56,0.04%
COVID19 VACCINE,COVID19,Unknown,Unk,PFIZER\BIONTECH,590,Life Threatening,LT,18-29 years,18-29,113,0.08%
COVID19 VACCINE,COVID19,Unknown,Unk,PFIZER\BIONTECH,590,Life Threatening,LT,30-39 years,30-39,168,0.12%
COVID19 VACCINE,COVID19,Unknown,Unk,PFIZER\BIONTECH,590,Life Threatening,LT,40-49 years,40-49,217,0.15%
COVID19 VACCINE,COVID19,Unknown,Unk,PFIZER\BIONTECH,590,Life Threatening,LT,50-59 years,50-59,244,0.17%
COVID19 VACCINE,COVID19,Unknown,Unk,PFIZER\BIONTECH,590,Life Threatening,LT,60-64 years,60-64,119,0.08%
COVID19 VACCINE,COVID19,Unknown,Unk,PFIZER\BIONTECH,590,Life Threatening,LT,65-79 years,65-79,329,0.23%
COVID19 VACCINE,COVID19,Unknown,Unk,PFIZER\BIONTECH,590,Life Threatening,LT,80+ years,80+,203,0.14%
COVID19 VACCINE,COVID19,Unknown,Unk,PFIZER\BIONTECH,590,Life Threatening,LT,Unknown,U,1051,0.73%
COVID19 VACCINE,COVID19,Unknown,Unk,PFIZER\BIONTECH,590,Life Threatening,LT,,,2501,1.74%
COVID19 VACCINE,COVID19,Unknown,Unk,PFIZER\BIONTECH,590,Permanent Disability,DBL,1-2 years,1-2,1,0.00%
COVID19 VACCINE,COVID19,Unknown,Unk,PFIZER\BIONTECH,590,Permanent Disability,DBL,3-5 years,3-5,2,0.00%
COVID19 VACCINE,COVID19,Unknown,Unk,PFIZER\BIONTECH,590,Permanent Disability,DBL,6-17 years,6-17,20,0.01%
COVID19 VACCINE,COVID19,Unknown,Unk,PFIZER\BIONTECH,590,Permanent Disability,DBL,18-29 years,18-29,145,0.10%
COVID19 VACCINE,COVID19,Unknown,Unk,PFIZER\BIONTECH,590,Permanent Disability,DBL,30-39 years,30-39,233,0.16%
COVID19 VACCINE,COVID19,Unknown,Unk,PFIZER\BIONTECH,590,Permanent Disability,DBL,40-49 years,40-49,316,0.22%
COVID19 VACCINE,COVID19,Unknown,Unk,PFIZER\BIONTECH,590,Permanent Disability,DBL,50-59 years,50-59,290,0.20%
COVID19 VACCINE,COVID19,Unknown,Unk,PFIZER\BIONTECH,590,Permanent Disability,DBL,60-64 years,60-64,143,0.10%
COVID19 VACCINE,COVID19,Unknown,Unk,PFIZER\BIONTECH,590,Permanent Disability,DBL,65-79 years,65-79,300,0.21%
COVID19 VACCINE,COVID19,Unknown,Unk,PFIZER\BIONTECH,590,Permanent Disability,DBL,80+ years,80+,110,0.08%
COVID19 VACCINE,COVID19,Unknown,Unk,PFIZER\BIONTECH,590,Permanent Disability,DBL,Unknown,U,1762,1.23%
COVID19 VACCINE,COVID19,Unknown,Unk,PFIZER\BIONTECH,590,Permanent Disability,DBL,,,3322,2.31%
COVID19 VACCINE,COVID19,Unknown,Unk,PFIZER\BIONTECH,590,Congenital Anomaly / Birth Defect *,BD,1-2 years,1-2,1,0.00%
COVID19 VACCINE,COVID19,Unknown,Unk,PFIZER\BIONTECH,590,Congenital Anomaly / Birth Defect *,BD,18-29 years,18-29,3,0.00%
COVID19 VACCINE,COVID19,Unknown,Unk,PFIZER\BIONTECH,590,Congenital Anomaly / Birth Defect *,BD,30-39 years,30-39,19,0.01%
COVID19 VACCINE,COVID19,Unknown,Unk,PFIZER\BIONTECH,590,Congenital Anomaly / Birth Defect *,BD,40-49 years,40-49,6,0.00%
COVID19 VACCINE,COVID19,Unknown,Unk,PFIZER\BIONTECH,590,Congenital Anomaly / Birth Defect *,BD,50-59 years,50-59,4,0.00%
COVID19 VACCINE,COVID19,Unknown,Unk,PFIZER\BIONTECH,590,Congenital Anomaly / Birth Defect *,BD,60-64 years,60-64,1,0.00%
COVID19 VACCINE,COVID19,Unknown,Unk,PFIZER\BIONTECH,590,Congenital Anomaly / Birth Defect *,BD,65-79 years,65-79,3,0.00%
COVID19 VACCINE,COVID19,Unknown,Unk,PFIZER\BIONTECH,590,Congenital Anomaly / Birth Defect *,BD,80+ years,80+,2,0.00%
COVID19 VACCINE,COVID19,Unknown,Unk,PFIZER\BIONTECH,590,Congenital Anomaly / Birth Defect *,BD,Unknown,U,24,0.02%
COVID19 VACCINE,COVID19,Unknown,Unk,PFIZER\BIONTECH,590,Congenital Anomaly / Birth Defect *,BD,,,63,0.04%
COVID19 VACCINE,COVID19,Unknown,Unk,PFIZER\BIONTECH,590,Hospitalized,H,1-2 years,1-2,1,0.00%
COVID19 VACCINE,COVID19,Unknown,Unk,PFIZER\BIONTECH,590,Hospitalized,H,3-5 years,3-5,3,0.00%
COVID19 VACCINE,COVID19,Unknown,Unk,PFIZER\BIONTECH,590,Hospitalized,H,6-17 years,6-17,331,0.23%
COVID19 VACCINE,COVID19,Unknown,Unk,PFIZER\BIONTECH,590,Hospitalized,H,18-29 years,18-29,577,0.40%
COVID19 VACCINE,COVID19,Unknown,Unk,PFIZER\BIONTECH,590,Hospitalized,H,30-39 years,30-39,604,0.42%
COVID19 VACCINE,COVID19,Unknown,Unk,PFIZER\BIONTECH,590,Hospitalized,H,40-49 years,40-49,697,0.48%
COVID19 VACCINE,COVID19,Unknown,Unk,PFIZER\BIONTECH,590,Hospitalized,H,50-59 years,50-59,850,0.59%
COVID19 VACCINE,COVID19,Unknown,Unk,PFIZER\BIONTECH,590,Hospitalized,H,60-64 years,60-64,486,0.34%
COVID19 VACCINE,COVID19,Unknown,Unk,PFIZER\BIONTECH,590,Hospitalized,H,65-79 years,65-79,1529,1.06%
COVID19 VACCINE,COVID19,Unknown,Unk,PFIZER\BIONTECH,590,Hospitalized,H,80+ years,80+,978,0.68%
COVID19 VACCINE,COVID19,Unknown,Unk,PFIZER\BIONTECH,590,Hospitalized,H,Unknown,U,5223,3.63%
COVID19 VACCINE,COVID19,Unknown,Unk,PFIZER\BIONTECH,590,Hospitalized,H,,,11279,7.84%
COVID19 VACCINE,COVID19,Unknown,Unk,PFIZER\BIONTECH,590,,,,,20350,14.15%
COVID19 VACCINE,COVID19,Unknown,Unk,UNKNOWN MANUFACTURER,0,Death,DTH,30-39 years,30-39,1,0.00%
COVID19 VACCINE,COVID19,Unknown,Unk,UNKNOWN MANUFACTURER,0,Death,DTH,50-59 years,50-59,4,0.00%
COVID19 VACCINE,COVID19,Unknown,Unk,UNKNOWN MANUFACTURER,0,Death,DTH,65-79 years,65-79,12,0.01%
COVID19 VACCINE,COVID19,Unknown,Unk,UNKNOWN MANUFACTURER,0,Death,DTH,80+ years,80+,5,0.00%
COVID19 VACCINE,COVID19,Unknown,Unk,UNKNOWN MANUFACTURER,0,Death,DTH,Unknown,U,15,0.01%
COVID19 VACCINE,COVID19,Unknown,Unk,UNKNOWN MANUFACTURER,0,Death,DTH,,,37,0.03%
COVID19 VACCINE,COVID19,Unknown,Unk,UNKNOWN MANUFACTURER,0,Life Threatening,LT,6-17 years,6-17,1,0.00%
COVID19 VACCINE,COVID19,Unknown,Unk,UNKNOWN MANUFACTURER,0,Life Threatening,LT,30-39 years,30-39,2,0.00%
COVID19 VACCINE,COVID19,Unknown,Unk,UNKNOWN MANUFACTURER,0,Life Threatening,LT,40-49 years,40-49,2,0.00%
COVID19 VACCINE,COVID19,Unknown,Unk,UNKNOWN MANUFACTURER,0,Life Threatening,LT,50-59 years,50-59,8,0.01%
COVID19 VACCINE,COVID19,Unknown,Unk,UNKNOWN MANUFACTURER,0,Life Threatening,LT,60-64 years,60-64,5,0.00%
COVID19 VACCINE,COVID19,Unknown,Unk,UNKNOWN MANUFACTURER,0,Life Threatening,LT,65-79 years,65-79,15,0.01%
COVID19 VACCINE,COVID19,Unknown,Unk,UNKNOWN MANUFACTURER,0,Life Threatening,LT,80+ years,80+,2,0.00%
COVID19 VACCINE,COVID19,Unknown,Unk,UNKNOWN MANUFACTURER,0,Life Threatening,LT,Unknown,U,5,0.00%
COVID19 VACCINE,COVID19,Unknown,Unk,UNKNOWN MANUFACTURER,0,Life Threatening,LT,,,40,0.03%
COVID19 VACCINE,COVID19,Unknown,Unk,UNKNOWN MANUFACTURER,0,Permanent Disability,DBL,18-29 years,18-29,2,0.00%
COVID19 VACCINE,COVID19,Unknown,Unk,UNKNOWN MANUFACTURER,0,Permanent Disability,DBL,30-39 years,30-39,1,0.00%
COVID19 VACCINE,COVID19,Unknown,Unk,UNKNOWN MANUFACTURER,0,Permanent Disability,DBL,40-49 years,40-49,5,0.00%
COVID19 VACCINE,COVID19,Unknown,Unk,UNKNOWN MANUFACTURER,0,Permanent Disability,DBL,50-59 years,50-59,3,0.00%
COVID19 VACCINE,COVID19,Unknown,Unk,UNKNOWN MANUFACTURER,0,Permanent Disability,DBL,60-64 years,60-64,2,0.00%
COVID19 VACCINE,COVID19,Unknown,Unk,UNKNOWN MANUFACTURER,0,Permanent Disability,DBL,65-79 years,65-79,6,0.00%
COVID19 VACCINE,COVID19,Unknown,Unk,UNKNOWN MANUFACTURER,0,Permanent Disability,DBL,80+ years,80+,4,0.00%
COVID19 VACCINE,COVID19,Unknown,Unk,UNKNOWN MANUFACTURER,0,Permanent Disability,DBL,Unknown,U,7,0.00%
COVID19 VACCINE,COVID19,Unknown,Unk,UNKNOWN MANUFACTURER,0,Permanent Disability,DBL,,,30,0.02%
COVID19 VACCINE,COVID19,Unknown,Unk,UNKNOWN MANUFACTURER,0,Congenital Anomaly / Birth Defect *,BD,18-29 years,18-29,1,0.00%
COVID19 VACCINE,COVID19,Unknown,Unk,UNKNOWN MANUFACTURER,0,Congenital Anomaly / Birth Defect *,BD,,,1,0.00%
COVID19 VACCINE,COVID19,Unknown,Unk,UNKNOWN MANUFACTURER,0,Hospitalized,H,6-17 years,6-17,3,0.00%
COVID19 VACCINE,COVID19,Unknown,Unk,UNKNOWN MANUFACTURER,0,Hospitalized,H,18-29 years,18-29,9,0.01%
COVID19 VACCINE,COVID19,Unknown,Unk,UNKNOWN MANUFACTURER,0,Hospitalized,H,30-39 years,30-39,7,0.00%
COVID19 VACCINE,COVID19,Unknown,Unk,UNKNOWN MANUFACTURER,0,Hospitalized,H,40-49 years,40-49,13,0.01%
COVID19 VACCINE,COVID19,Unknown,Unk,UNKNOWN MANUFACTURER,0,Hospitalized,H,50-59 years,50-59,15,0.01%
COVID19 VACCINE,COVID19,Unknown,Unk,UNKNOWN MANUFACTURER,0,Hospitalized,H,60-64 years,60-64,16,0.01%
COVID19 VACCINE,COVID19,Unknown,Unk,UNKNOWN MANUFACTURER,0,Hospitalized,H,65-79 years,65-79,35,0.02%
COVID19 VACCINE,COVID19,Unknown,Unk,UNKNOWN MANUFACTURER,0,Hospitalized,H,80+ years,80+,20,0.01%
COVID19 VACCINE,COVID19,Unknown,Unk,UNKNOWN MANUFACTURER,0,Hospitalized,H,Unknown,U,29,0.02%
COVID19 VACCINE,COVID19,Unknown,Unk,UNKNOWN MANUFACTURER,0,Hospitalized,H,,,147,0.10%
COVID19 VACCINE,COVID19,Unknown,Unk,UNKNOWN MANUFACTURER,0,,,,,255,0.18%
COVID19 VACCINE,COVID19,Unknown,Unk,,,,,,,34515,24.00%
COVID19 VACCINE,COVID19,Not Applicable,NA,JANSSEN,592,Death,DTH,18-29 years,18-29,1,0.00%
COVID19 VACCINE,COVID19,Not Applicable,NA,JANSSEN,592,Death,DTH,50-59 years,50-59,3,0.00%
COVID19 VACCINE,COVID19,Not Applicable,NA,JANSSEN,592,Death,DTH,60-64 years,60-64,4,0.00%
COVID19 VACCINE,COVID19,Not Applicable,NA,JANSSEN,592,Death,DTH,65-79 years,65-79,4,0.00%
COVID19 VACCINE,COVID19,Not Applicable,NA,JANSSEN,592,Death,DTH,80+ years,80+,5,0.00%
COVID19 VACCINE,COVID19,Not Applicable,NA,JANSSEN,592,Death,DTH,,,17,0.01%
COVID19 VACCINE,COVID19,Not Applicable,NA,JANSSEN,592,Life Threatening,LT,18-29 years,18-29,2,0.00%
COVID19 VACCINE,COVID19,Not Applicable,NA,JANSSEN,592,Life Threatening,LT,30-39 years,30-39,10,0.01%
COVID19 VACCINE,COVID19,Not Applicable,NA,JANSSEN,592,Life Threatening,LT,40-49 years,40-49,5,0.00%
COVID19 VACCINE,COVID19,Not Applicable,NA,JANSSEN,592,Life Threatening,LT,50-59 years,50-59,16,0.01%
COVID19 VACCINE,COVID19,Not Applicable,NA,JANSSEN,592,Life Threatening,LT,60-64 years,60-64,7,0.00%
COVID19 VACCINE,COVID19,Not Applicable,NA,JANSSEN,592,Life Threatening,LT,65-79 years,65-79,5,0.00%
COVID19 VACCINE,COVID19,Not Applicable,NA,JANSSEN,592,Life Threatening,LT,,,45,0.03%
COVID19 VACCINE,COVID19,Not Applicable,NA,JANSSEN,592,Permanent Disability,DBL,18-29 years,18-29,2,0.00%
COVID19 VACCINE,COVID19,Not Applicable,NA,JANSSEN,592,Permanent Disability,DBL,30-39 years,30-39,2,0.00%
COVID19 VACCINE,COVID19,Not Applicable,NA,JANSSEN,592,Permanent Disability,DBL,40-49 years,40-49,4,0.00%
COVID19 VACCINE,COVID19,Not Applicable,NA,JANSSEN,592,Permanent Disability,DBL,50-59 years,50-59,15,0.01%
COVID19 VACCINE,COVID19,Not Applicable,NA,JANSSEN,592,Permanent Disability,DBL,60-64 years,60-64,7,0.00%
COVID19 VACCINE,COVID19,Not Applicable,NA,JANSSEN,592,Permanent Disability,DBL,65-79 years,65-79,6,0.00%
COVID19 VACCINE,COVID19,Not Applicable,NA,JANSSEN,592,Permanent Disability,DBL,80+ years,80+,2,0.00%
COVID19 VACCINE,COVID19,Not Applicable,NA,JANSSEN,592,Permanent Disability,DBL,,,38,0.03%
COVID19 VACCINE,COVID19,Not Applicable,NA,JANSSEN,592,Hospitalized,H,18-29 years,18-29,11,0.01%
COVID19 VACCINE,COVID19,Not Applicable,NA,JANSSEN,592,Hospitalized,H,30-39 years,30-39,16,0.01%
COVID19 VACCINE,COVID19,Not Applicable,NA,JANSSEN,592,Hospitalized,H,40-49 years,40-49,15,0.01%
COVID19 VACCINE,COVID19,Not Applicable,NA,JANSSEN,592,Hospitalized,H,50-59 years,50-59,38,0.03%
COVID19 VACCINE,COVID19,Not Applicable,NA,JANSSEN,592,Hospitalized,H,60-64 years,60-64,36,0.03%
COVID19 VACCINE,COVID19,Not Applicable,NA,JANSSEN,592,Hospitalized,H,65-79 years,65-79,37,0.03%
COVID19 VACCINE,COVID19,Not Applicable,NA,JANSSEN,592,Hospitalized,H,80+ years,80+,7,0.00%
COVID19 VACCINE,COVID19,Not Applicable,NA,JANSSEN,592,Hospitalized,H,,,160,0.11%
COVID19 VACCINE,COVID19,Not Applicable,NA,JANSSEN,592,,,,,260,0.18%
COVID19 VACCINE,COVID19,Not Applicable,NA,MODERNA,591,Death,DTH,50-59 years,50-59,1,0.00%
COVID19 VACCINE,COVID19,Not Applicable,NA,MODERNA,591,Death,DTH,80+ years,80+,3,0.00%
COVID19 VACCINE,COVID19,Not Applicable,NA,MODERNA,591,Death,DTH,,,4,0.00%
COVID19 VACCINE,COVID19,Not Applicable,NA,MODERNA,591,Life Threatening,LT,< 6 months,0,1,0.00%
COVID19 VACCINE,COVID19,Not Applicable,NA,MODERNA,591,Life Threatening,LT,30-39 years,30-39,1,0.00%
COVID19 VACCINE,COVID19,Not Applicable,NA,MODERNA,591,Life Threatening,LT,40-49 years,40-49,1,0.00%
COVID19 VACCINE,COVID19,Not Applicable,NA,MODERNA,591,Life Threatening,LT,50-59 years,50-59,1,0.00%
COVID19 VACCINE,COVID19,Not Applicable,NA,MODERNA,591,Life Threatening,LT,65-79 years,65-79,3,0.00%
COVID19 VACCINE,COVID19,Not Applicable,NA,MODERNA,591,Life Threatening,LT,,,7,0.00%
COVID19 VACCINE,COVID19,Not Applicable,NA,MODERNA,591,Permanent Disability,DBL,40-49 years,40-49,2,0.00%
COVID19 VACCINE,COVID19,Not Applicable,NA,MODERNA,591,Permanent Disability,DBL,50-59 years,50-59,3,0.00%
COVID19 VACCINE,COVID19,Not Applicable,NA,MODERNA,591,Permanent Disability,DBL,65-79 years,65-79,2,0.00%
COVID19 VACCINE,COVID19,Not Applicable,NA,MODERNA,591,Permanent Disability,DBL,,,7,0.00%
COVID19 VACCINE,COVID19,Not Applicable,NA,MODERNA,591,Hospitalized,H,30-39 years,30-39,4,0.00%
COVID19 VACCINE,COVID19,Not Applicable,NA,MODERNA,591,Hospitalized,H,40-49 years,40-49,2,0.00%
COVID19 VACCINE,COVID19,Not Applicable,NA,MODERNA,591,Hospitalized,H,50-59 years,50-59,3,0.00%
COVID19 VACCINE,COVID19,Not Applicable,NA,MODERNA,591,Hospitalized,H,65-79 years,65-79,4,0.00%
COVID19 VACCINE,COVID19,Not Applicable,NA,MODERNA,591,Hospitalized,H,,,13,0.01%
COVID19 VACCINE,COVID19,Not Applicable,NA,MODERNA,591,,,,,31,0.02%
COVID19 VACCINE,COVID19,Not Applicable,NA,PFIZER\BIONTECH,590,Life Threatening,LT,18-29 years,18-29,1,0.00%
COVID19 VACCINE,COVID19,Not Applicable,NA,PFIZER\BIONTECH,590,Life Threatening,LT,30-39 years,30-39,2,0.00%
COVID19 VACCINE,COVID19,Not Applicable,NA,PFIZER\BIONTECH,590,Life Threatening,LT,60-64 years,60-64,1,0.00%
COVID19 VACCINE,COVID19,Not Applicable,NA,PFIZER\BIONTECH,590,Life Threatening,LT,,,4,0.00%
COVID19 VACCINE,COVID19,Not Applicable,NA,PFIZER\BIONTECH,590,Permanent Disability,DBL,18-29 years,18-29,1,0.00%
COVID19 VACCINE,COVID19,Not Applicable,NA,PFIZER\BIONTECH,590,Permanent Disability,DBL,30-39 years,30-39,1,0.00%
COVID19 VACCINE,COVID19,Not Applicable,NA,PFIZER\BIONTECH,590,Permanent Disability,DBL,40-49 years,40-49,2,0.00%
COVID19 VACCINE,COVID19,Not Applicable,NA,PFIZER\BIONTECH,590,Permanent Disability,DBL,50-59 years,50-59,1,0.00%
COVID19 VACCINE,COVID19,Not Applicable,NA,PFIZER\BIONTECH,590,Permanent Disability,DBL,60-64 years,60-64,1,0.00%
COVID19 VACCINE,COVID19,Not Applicable,NA,PFIZER\BIONTECH,590,Permanent Disability,DBL,80+ years,80+,2,0.00%
COVID19 VACCINE,COVID19,Not Applicable,NA,PFIZER\BIONTECH,590,Permanent Disability,DBL,,,8,0.01%
COVID19 VACCINE,COVID19,Not Applicable,NA,PFIZER\BIONTECH,590,Hospitalized,H,6-17 years,6-17,1,0.00%
COVID19 VACCINE,COVID19,Not Applicable,NA,PFIZER\BIONTECH,590,Hospitalized,H,18-29 years,18-29,1,0.00%
COVID19 VACCINE,COVID19,Not Applicable,NA,PFIZER\BIONTECH,590,Hospitalized,H,30-39 years,30-39,2,0.00%
COVID19 VACCINE,COVID19,Not Applicable,NA,PFIZER\BIONTECH,590,Hospitalized,H,40-49 years,40-49,2,0.00%
COVID19 VACCINE,COVID19,Not Applicable,NA,PFIZER\BIONTECH,590,Hospitalized,H,65-79 years,65-79,1,0.00%
COVID19 VACCINE,COVID19,Not Applicable,NA,PFIZER\BIONTECH,590,Hospitalized,H,80+ years,80+,2,0.00%
COVID19 VACCINE,COVID19,Not Applicable,NA,PFIZER\BIONTECH,590,Hospitalized,H,,,9,0.01%
COVID19 VACCINE,COVID19,Not Applicable,NA,PFIZER\BIONTECH,590,,,,,21,0.01%
COVID19 VACCINE,COVID19,Not Applicable,NA,UNKNOWN MANUFACTURER,0,Permanent Disability,DBL,50-59 years,50-59,1,0.00%
COVID19 VACCINE,COVID19,Not Applicable,NA,UNKNOWN MANUFACTURER,0,Permanent Disability,DBL,,,1,0.00%
COVID19 VACCINE,COVID19,Not Applicable,NA,UNKNOWN MANUFACTURER,0,,,,,1,0.00%
COVID19 VACCINE,COVID19,Not Applicable,NA,,,,,,,313,0.22%
COVID19 VACCINE,COVID19,,,,,,,,,180377,125.43%
,,,,,,,,,,180377,125.43%
